subject_qid	property_id	object_qid	reference_uri	reference_supporting_text	reference_date
Q422021	P1542	Q207855	https://www.ncbi.nlm.nih.gov/pubmed/16691656	Amblyopia produced by Osmic Acid.	2006-06-01
Q177895	P1542	Q168403	https://www.ncbi.nlm.nih.gov/pubmed/16691702	On Astigmatism as an Active Cause of Myopia.	2006-06-01
Q12078	P1542	Q16244733	https://www.ncbi.nlm.nih.gov/pubmed/17859925	Case of Cancer of the Hepatic Flexure of the Colon Producing Intestinal       Obstruction; Temporary Relief by an Artificial Anus; Later Re-establishment of       the Continuity of the Bowel by Ileo-colostomy by Means of Murphy's Button.	2007-09-17
Q6786584	P1542	Q18123741	https://www.ncbi.nlm.nih.gov/pubmed/19600270	An Experimental Study in Relation to the Removal from the Air of the Dust or       Particulate Material supposed to produce Yellow Fever, Small-Pox, and other       Infectious Diseases.	2009-07-30
Q6786584	P1542	Q12214	https://www.ncbi.nlm.nih.gov/pubmed/19600270	An Experimental Study in Relation to the Removal from the Air of the Dust or       Particulate Material supposed to produce Yellow Fever, Small-Pox, and other       Infectious Diseases.	2009-07-30
Q6786584	P1542	Q154874	https://www.ncbi.nlm.nih.gov/pubmed/19600270	An Experimental Study in Relation to the Removal from the Air of the Dust or       Particulate Material supposed to produce Yellow Fever, Small-Pox, and other       Infectious Diseases.	2009-07-30
Q6786584	P1542	Q18123741	https://www.ncbi.nlm.nih.gov/pubmed/19600270	An Experimental Study in Relation to the Removal from the Air of the Dust or       Particulate Material supposed to produce Yellow Fever, Small-Pox, and other       Infectious Diseases.	2009-07-30
Q6786584	P1542	Q12214	https://www.ncbi.nlm.nih.gov/pubmed/19600270	An Experimental Study in Relation to the Removal from the Air of the Dust or       Particulate Material supposed to produce Yellow Fever, Small-Pox, and other       Infectious Diseases.	2009-07-30
Q6786584	P1542	Q154874	https://www.ncbi.nlm.nih.gov/pubmed/19600270	An Experimental Study in Relation to the Removal from the Air of the Dust or       Particulate Material supposed to produce Yellow Fever, Small-Pox, and other       Infectious Diseases.	2009-07-30
Q1972017	P1542	Q12180535	https://www.ncbi.nlm.nih.gov/pubmed/17816472	PLANT DISEASES, CAUSED BY NEMATOID WORMS OF THE GENUS APHELENCHUS BAST.	2010-06-08
Q2140674	P1542	Q1266890	https://www.ncbi.nlm.nih.gov/pubmed/21379819	Case of Ligature of the Subclavian Artery: For the Cure of Axillary Aneurism       caused by Gun-Shot Wound.	2011-03-07
Q131742	P1542	Q164655	https://www.ncbi.nlm.nih.gov/pubmed/20794135	Pathological Remarks on a Case of Hepatitis Resulting in Abscess.	2011-03-28
Q16547955	P1542	Q3504924	https://www.ncbi.nlm.nih.gov/pubmed/20741236	WESTERN DISPENSARY, SUPPURATION OF THE SUBMAXILLARY GLAND FROM IRRITATION       PRODUCED BY A FOREIGN BODY.	2011-03-28
Q1054718	P1542	Q5271949	https://www.ncbi.nlm.nih.gov/pubmed/20744756	Clinical Remarks on Diarrhoea and Vomiting, the Result of Renal Disease.	2011-03-29
Q1054718	P1542	Q127076	https://www.ncbi.nlm.nih.gov/pubmed/20744756	Clinical Remarks on Diarrhoea and Vomiting, the Result of Renal Disease.	2011-03-29
Q7205240	P1542	Q18557988	https://www.ncbi.nlm.nih.gov/pubmed/20745388	On the Plugging of Minute Vessels in the Grey Matter of the Brain, as a Cause of       the Delirium and Stupor in Severe Febrile Diseases; and on Other Symptoms of the       "Typhoid State".	2011-03-29
Q7205240	P1542	Q18557988	https://www.ncbi.nlm.nih.gov/pubmed/20745404	On the Plugging of Minute Vessels in the Grey Matter of the Brain, as a Cause of       the Delirium and Stupor in Severe Febrile Diseases; and on Other Symptoms of the       "Typhoid State".	2011-03-29
Q83319	P1542	Q582904	https://www.ncbi.nlm.nih.gov/pubmed/20746413	On Marasmus as an Occasional Consequence of Enteric Fever.	2011-03-29
Q192995	P1542	Q12214	https://www.ncbi.nlm.nih.gov/pubmed/20746589	A Case of Second Small-Pox Resulting from Accidental Inoculation.	2011-03-29
Q153	P1542	Q1054718	https://www.ncbi.nlm.nih.gov/pubmed/20746854	Alcohol as a Cause of Renal Disease.	2011-03-29
Q153	P1542	Q605006	https://www.ncbi.nlm.nih.gov/pubmed/20746890	Alcohol as a Cause of Bright's Disease; and Dr.	2011-03-29
Q41083	P1542	Q12136	https://www.ncbi.nlm.nih.gov/pubmed/20747350	Lettsomian Lecture on Syphilis as a Cause of Disease of the Nervous System.	2011-03-29
Q41083	P1542	Q12136	https://www.ncbi.nlm.nih.gov/pubmed/20747358	Lettsomian Lectures on Syphilis as a Cause of Disease of the Nervous System.	2011-03-29
Q41083	P1542	Q12136	https://www.ncbi.nlm.nih.gov/pubmed/20747364	Lettsomian Lectures on Syphilis as a Cause of Disease of the Nervous System.	2011-03-29
Q41083	P1542	Q12136	https://www.ncbi.nlm.nih.gov/pubmed/20747374	Lettsomian Lectures on Syphilis as a Cause of Disease of the Nervous System.	2011-03-29
Q41083	P1542	Q12136	https://www.ncbi.nlm.nih.gov/pubmed/20747379	Lettsomian Lectures on Syphilis as a Cause of Disease of the Nervous System.	2011-03-29
Q41083	P1542	Q12136	https://www.ncbi.nlm.nih.gov/pubmed/20747390	Lettsomian Lectures on Syphilis as a Cause of Disease of the Nervous System.	2011-03-29
Q41083	P1542	Q12136	https://www.ncbi.nlm.nih.gov/pubmed/20747397	Lettsomian Lectures on Syphilis as a Cause of Disease of the Nervous System.	2011-03-29
Q41083	P1542	Q12136	https://www.ncbi.nlm.nih.gov/pubmed/20747403	Lettsomian Lectures on Syphilis as a Cause of Disease of the Nervous System.	2011-03-29
Q41083	P1542	Q12136	https://www.ncbi.nlm.nih.gov/pubmed/20747414	Lettsomian Lectures on Syphilis as a Cause of Disease of the Nervous System.	2011-03-29
Q41083	P1542	Q12136	https://www.ncbi.nlm.nih.gov/pubmed/20748353	Clinical Notes on Iritis: Especially as to the Relative Frequency of Syphilis and       Rheumatism, etc., as Causes of the Disease: From an Analysis of Seventy Cases.	2011-03-29
Q1365091	P1542	Q16244733	https://www.ncbi.nlm.nih.gov/pubmed/20749183	Fatty Change (and Failure) of the Muscular Wall of the Gut, as a Direct and       Indirect Cause of Intestinal Obstruction and Death.	2011-03-29
Q816422	P1542	Q41571	https://www.ncbi.nlm.nih.gov/pubmed/20750302	Dysmenorrhoea as a Cause of Hystero-Epilepsy.	2011-03-29
Q5325633	P1542	Q460167	https://www.ncbi.nlm.nih.gov/pubmed/20750440	Remarks on the Physiology of Auditory Vertigo and some other Neuroses produced by       Ear Disease.	2011-03-29
Q223254	P1542	Q164655	https://www.ncbi.nlm.nih.gov/pubmed/20751723	On a Case of Abscess of the Temporo-Sphenoidal Lobe of the Brain, Due to Otitis       Media, Successfully Treated by Trephining and Drainage.	2011-03-29
Q12136	P1542	Q164655	https://www.ncbi.nlm.nih.gov/pubmed/20751854	Abscess in the Brain Resulting from Disease of the Ear.	2011-03-29
Q500695	P1542	Q2037487	https://www.ncbi.nlm.nih.gov/pubmed/16691928	Sympathetic ophthalmia caused by glioma-retinae.	2006-06-01
Q223254	P1542	Q3504924	https://www.ncbi.nlm.nih.gov/pubmed/20752254	Notes on a Case of Cerebral Suppuration Due to Otitis Media Diagnosed and       Successfully Treated by Trephining and Drainage.	2011-03-29
Q12204	P1542	Q12136	https://www.ncbi.nlm.nih.gov/pubmed/16692138	The increasing importance of tuberculosis as a cause of ocular disease, the newer       methods of diagnosis and the treatment.	2006-06-01
Q24577882	P1542	Q570197	https://www.ncbi.nlm.nih.gov/pubmed/20752374	Further Remarks on Albuminuria Resulting from Sewage Poisons.	2011-03-29
Q5248757	P1542	Q223254	https://www.ncbi.nlm.nih.gov/pubmed/20752426	A Case of Deep Cellulitis of the Neck with Partial Paralysis of Right arm       following Acute Otitis Media Caused by a Blow.	2011-03-29
Q298278	P1542	Q1570161	https://www.ncbi.nlm.nih.gov/pubmed/20753205	OEsophageal Varices as a Cause of Haematemesis in Cirrhosis of the Liver.	2011-03-29
Q272714	P1542	Q16244733	https://www.ncbi.nlm.nih.gov/pubmed/20753798	On Intestinal Obstruction due to Gall Stones: With a Report of a Case       Successfully Treated by Laparotomy.	2011-03-29
Q5160454	P1542	Q154430	https://www.ncbi.nlm.nih.gov/pubmed/20753930	Congenital Syphilis as a Cause of Nervous Diseases in Children.	2011-03-29
Q5160454	P1542	Q12136	https://www.ncbi.nlm.nih.gov/pubmed/20753930	Congenital Syphilis as a Cause of Nervous Diseases in Children.	2011-03-29
Q2840	P1542	Q223254	https://www.ncbi.nlm.nih.gov/pubmed/20753979	On PERFORATION of the MASTOID PROCESS in CASES of ACUTE OTITIS MEDIA due to       INFLUENZA.	2011-03-29
Q26842403	P1542	Q4	https://www.ncbi.nlm.nih.gov/pubmed/17860122	Thrombosis of the Mesenteric Veins as a Cause of Death after Splenectomy.	2007-09-17
Q421560	P1542	Q4	https://www.ncbi.nlm.nih.gov/pubmed/20895866	Case of malformation of the heart, in which death resulted from obstruction in       the trunk of the pulmonary artery.	2011-03-29
Q388628	P1542	Q16244733	https://www.ncbi.nlm.nih.gov/pubmed/17860566	Intestinal Obstruction caused by Meckel's Diverticulum.	2007-09-17
Q1198391	P1542	Q210427	https://www.ncbi.nlm.nih.gov/pubmed/20896129	Case of Paralysis as to Voluntary Motor Power of the Limbs on one side of the       Body, attended by Hyperaesthesia of the corresponding side of the Face, being the       Result of Comparession of parts of the Brain from an Intra-cranial Aneurism, with       Observations on "Induced" Cerebral Paralysis.	2011-03-29
Q1424612	P1542	Q16244733	https://www.ncbi.nlm.nih.gov/pubmed/17860799	Intestinal Obstruction due to Intussusception.	2007-09-17
Q7916461	P1542	Q738153	https://www.ncbi.nlm.nih.gov/pubmed/17860957	Ileus due to Vascular Obstruction.	2007-09-17
Q421560	P1542	Q738153	https://www.ncbi.nlm.nih.gov/pubmed/17860958	Ileus due to Mechanical Obstruction to the Faecal Current.	2007-09-17
Q12078	P1542	Q738153	https://www.ncbi.nlm.nih.gov/pubmed/17860959	Ileus caused by Neoplasms.	2007-09-17
Q207087	P1542	Q1620444	https://www.ncbi.nlm.nih.gov/pubmed/17861000	The Treatment of Suppurating Haematocele Due to Extra-Uterine Pregnancy.	2007-09-17
Q272714	P1542	Q16244733	https://www.ncbi.nlm.nih.gov/pubmed/17861158	Intestinal Obstruction due to Gall-Stones.	2007-09-17
Q421560	P1542	Q1424612	https://www.ncbi.nlm.nih.gov/pubmed/20896708	A Case of Intussusception of the Upper End of the Rectum due to Obstruction by a       New Growth.	2011-03-29
Q79793	P1542	Q82504	https://www.ncbi.nlm.nih.gov/pubmed/20896787	On Measles as a Cause of Endocarditis; being an Account of Four Cases in which       Organic Mitral Murmurs developed during the Course of the Disease.	2011-03-29
Q177895	P1542	Q18554599	https://www.ncbi.nlm.nih.gov/pubmed/25258805	Can Staphyloma Posticum be induced by Astigmatism?	2014-09-26
Q943897	P1542	Q653971	https://www.ncbi.nlm.nih.gov/pubmed/17861587	The Surgical Treatment of Chronic Dyspepsia due to Defective Drainage, and       Chronic Inflammation of the Stomach resulting from Gastric Atony and Dilatation.	2007-09-17
Q5305547	P1542	Q653971	https://www.ncbi.nlm.nih.gov/pubmed/17861587	The Surgical Treatment of Chronic Dyspepsia due to Defective Drainage, and       Chronic Inflammation of the Stomach resulting from Gastric Atony and Dilatation.	2007-09-17
Q179661	P1542	Q16244733	https://www.ncbi.nlm.nih.gov/pubmed/17861847	The Operative Treatment of Cancer of the Large Intestine, Causing Dangerous       Intestinal Obstruction.	2007-09-17
Q22111431	P1542	Q18553780	https://www.ncbi.nlm.nih.gov/pubmed/17862100	Intracranial Abscess Due to the Typhoid Bacillus.	2007-09-17
Q388628	P1542	Q738153	https://www.ncbi.nlm.nih.gov/pubmed/17862461	Ileus due to Meckel's Diverticulum.	2007-09-17
Q749159	P1542	Q615363	https://www.ncbi.nlm.nih.gov/pubmed/18733105	Torticollis and Spinal Curvature Due to Eye-Strain.	2008-08-29
Q33525	P1542	Q16244733	https://www.ncbi.nlm.nih.gov/pubmed/18734326	Some Points on the Symptoms and Localization of Intestinal Obstruction Due to       Carcinomata.	2008-08-29
Q283	P1542	Q83319	https://www.ncbi.nlm.nih.gov/pubmed/19599350	The Differentiation of Outbreaks of Typhoid Fever Due to Water, Milk, Flies and       Contact.	2009-07-29
Q172275	P1542	Q192077	https://www.ncbi.nlm.nih.gov/pubmed/19866828	In applying these conclusions to the subject of practical       anaesthesia it is evident that the depression of the circulation produced by       chloroform has effect upon the respiratory centres only when the pressure has       fallen very low, and whilst it may be a factor in the production of respiratory       failure during chloroformization, the failure must be chiefly due to the direct       influence exercised by the drug upon the respiratory centres.	2010-06-22
Q202218	P1542	Q268594	https://www.ncbi.nlm.nih.gov/pubmed/19866828	Our research confirms clinical observation, and experimentally shows       that the depression of the circulation produced by ether is more permanent than       that caused by chloroform; the reason probably being the large amount of ether       which is necessary to produce profound narcosis, with lowering of the arterial       pressure; an amount so large that it can neither be burned up in the system nor       yet eliminated in the time which would be necessary for the much smaller amount       of chloroform to be gotten rid of after chloroformization.	2010-06-22
Q172275	P1542	Q192077	https://www.ncbi.nlm.nih.gov/pubmed/19866828	Our research confirms clinical observation, and experimentally shows       that the depression of the circulation produced by ether is more permanent than       that caused by chloroform; the reason probably being the large amount of ether       which is necessary to produce profound narcosis, with lowering of the arterial       pressure; an amount so large that it can neither be burned up in the system nor       yet eliminated in the time which would be necessary for the much smaller amount       of chloroform to be gotten rid of after chloroformization.	2010-06-22
Q202218	P1542	Q192077	https://www.ncbi.nlm.nih.gov/pubmed/19866828	Our research confirms clinical observation, and experimentally shows       that the depression of the circulation produced by ether is more permanent than       that caused by chloroform; the reason probably being the large amount of ether       which is necessary to produce profound narcosis, with lowering of the arterial       pressure; an amount so large that it can neither be burned up in the system nor       yet eliminated in the time which would be necessary for the much smaller amount       of chloroform to be gotten rid of after chloroformization.	2010-06-22
Q229256	P1542	Q12136	https://www.ncbi.nlm.nih.gov/pubmed/19866867	We shall term the disease which has       been produced by this organism Blastomycetic Dermatitis.	2010-06-22
Q212032	P1542	Q18966626	https://www.ncbi.nlm.nih.gov/pubmed/19866903	HAEMORRHAGIC SEPTICAEMIA IN MAN DUE TO CAPSULATED BACILLI.	2010-06-22
Q2914796	P1542	Q16938907	https://www.ncbi.nlm.nih.gov/pubmed/19866937	REFRACTORY SUBCUTANEOUS ABSCESSES CAUSED BY SPOROTHRIX SCHENCKII.	2010-06-22
Q412393	P1542	Q24248427	https://www.ncbi.nlm.nih.gov/pubmed/19867070	The remarkable association of the deposition of calcium at the seat of an       injection of calcium chloride in an individual who had been receiving large       quantities of lactate of calcium by the mouth-a deposition occurring in tissues       which were in direct connection with or in the immediate neighborhood of a       dressing containing iodoform, a poison which in certain animals produces       degenerative changes in the kidneys and liver which are peculiarly prone to       calcification, is striking and worthy of note.	2010-06-22
Q421560	P1542	Q730877	https://www.ncbi.nlm.nih.gov/pubmed/19867074	Previous investigators have found that complete occlusion of the ureter may lead       either to hydronephrosis or to atrophy.	2010-06-22
Q340406	P1542	Q134859	https://www.ncbi.nlm.nih.gov/pubmed/19867243	This study       has contributed support to the view that the Bordet-Gengou bacillus is the       possible cause of pertussis, but it has not produced any distinctively new       evidence of this relationship beyond the proof of the wide dissemination of the       peculiar bacillus in nature and its occurrence in pertussis.	2010-06-22
Q83319	P1542	Q326648	https://www.ncbi.nlm.nih.gov/pubmed/19971489	On the bacteriologic Study of a Case of paracolon Infection probably secondary to       Typhoid Fever, with Remarks on Serum Reactions in paracolon Infections and on the       Thread Reaction : Notes on the History of the Subject.	2010-06-22
Q154625	P1542	Q2346396	https://www.ncbi.nlm.nih.gov/pubmed/19971859	Septicemia with Acute Fibrino-Purulent Pericarditis and Hypopyon Iritis caused by       the Meningococcus.	2010-06-22
Q170990	P1542	Q2307256	https://www.ncbi.nlm.nih.gov/pubmed/19972751	Neuritis of Brachial Plexus, probably resulting from Arthritis of Shoulder-joint.	2010-06-22
Q7386479	P1542	Q928697	https://www.ncbi.nlm.nih.gov/pubmed/19973290	Deafness resulting from Epidemic Cerebrospinal Meningitis.	2010-06-22
Q33525	P1542	Q12078	https://www.ncbi.nlm.nih.gov/pubmed/19973393	Malignant Tumour in the Spinal Meninges, with Invasion of the Cord; secondary to       Carcinoma of the Mammary Gland, with other Metastases.	2010-06-22
Q1476027	P1542	Q216211	https://www.ncbi.nlm.nih.gov/pubmed/19973557	Chronic Enlargement of the Lips due to Syphilitic Lymphangitis.	2010-06-22
Q12136	P1542	Q972514	https://www.ncbi.nlm.nih.gov/pubmed/19973621	Two Cases of Retrobulbar Neuritis probably attributable to Sphenoidal Disease.	2010-06-22
Q2140674	P1542	Q3504924	https://www.ncbi.nlm.nih.gov/pubmed/19973662	Frontal Sinus Suppuration due to Gunshot Injury, in a Female patient, aged 26;       radical Operation with Unusual Findings.	2010-06-22
Q12136	P1542	Q938983	https://www.ncbi.nlm.nih.gov/pubmed/19973892	Notes of a Case of Chronic Osteomyelitis of the Skull, the Result of Mastoid       Disease (with Specimen of Calvarium).	2010-06-22
Q468771	P1542	Q2421435	https://www.ncbi.nlm.nih.gov/pubmed/19973940	Toxaemia apparently produced by Ascaris lumbricoides.	2010-06-22
Q775953	P1542	Q4	https://www.ncbi.nlm.nih.gov/pubmed/19866918	General       terminal infections with pyogenic cocci occasionally occur as an immediate cause       of death in chronic disease.	2010-06-23
Q140014	P1542	Q82504	https://www.ncbi.nlm.nih.gov/pubmed/19866921	A CASE OF ACUTE ENDOCARDITIS CAUSED BY MICROCOCCUS ZYMOGENES (NOV. SPEC.), WITH A       DESCRIPTION OF THE MICROORGANISM.	2010-06-23
Q1954952	P1542	Q164655	https://www.ncbi.nlm.nih.gov/pubmed/19866921	The       micrococcus is pathogenic for mice and rabbits, causing either abscesses or       general infections.	2010-06-23
Q192995	P1542	Q82504	https://www.ncbi.nlm.nih.gov/pubmed/19866921	Typical acute vegetative endocarditis was experimentally       produced by intravenous inoculation of the organism in a rabbit and a dog, and       the cocci were demonstrated in pure culture in the vegetations and other parts of       these animals after death.	2010-06-23
Q2362625	P1542	Q1433212	https://www.ncbi.nlm.nih.gov/pubmed/19866982	The injection of formalin into the       muscles produces myositis.	2010-06-23
Q12136	P1542	Q189580	https://www.ncbi.nlm.nih.gov/pubmed/16692255	A Case of Bitemporal Hemianopsia with Acromegaly and Other Symptoms Apparently       Due to Disease in the Pituitary Region: Diagnosis Confirmed by Autopsy.	2006-06-01
Q12136	P1542	Q189580	https://www.ncbi.nlm.nih.gov/pubmed/16692255	A Case of Bitemporal Hemianopsia with Acromegaly and Other Symptoms Apparently       Due to Disease in the Pituitary Region: Diagnosis Confirmed by Autopsy.	2006-06-01
Q164655	P1542	Q4463723	https://www.ncbi.nlm.nih.gov/pubmed/16692296	Report of a Case of Cavernous Sinus Thrombosis Resulting from a Small Abscess in       the Skin of the Temple.	2006-06-01
Q182155	P1542	Q159701	https://www.ncbi.nlm.nih.gov/pubmed/16692407	Glaucoma as a Result of Herpes Zoster Frontalis, with Report of Cases.	2006-06-01
Q12136	P1542	Q18558014	https://www.ncbi.nlm.nih.gov/pubmed/16692484	Atypical Disseminated Choroiditis Due to Disease of the Accessory Sinuses.	2006-06-01
Q3386847	P1542	Q827023	https://www.ncbi.nlm.nih.gov/pubmed/19867264	AN EXPERIMENTAL GLOMERULAR LESION CAUSED BY VENOM (CROTALUS ADAMANTEUS).	2010-06-23
Q21060492	P1542	Q1434446	https://www.ncbi.nlm.nih.gov/pubmed/19867264	On the other hand, the       exquisite exudative lesion involving usually the capsular space but sometimes       limited, as in the hemorrhagic type, to the tuft itself and with little or no       tubular injury, constitutes a type of experimental vascular nephritis, hitherto       undescribed, which differs widely in its anatomical appearance from that due to       arsenic, cantharidin and other vascular poisons.	2010-06-23
Q410884	P1542	Q1434446	https://www.ncbi.nlm.nih.gov/pubmed/19867264	On the other hand, the       exquisite exudative lesion involving usually the capsular space but sometimes       limited, as in the hemorrhagic type, to the tuft itself and with little or no       tubular injury, constitutes a type of experimental vascular nephritis, hitherto       undescribed, which differs widely in its anatomical appearance from that due to       arsenic, cantharidin and other vascular poisons.	2010-06-23
Q24577882	P1542	Q1434446	https://www.ncbi.nlm.nih.gov/pubmed/19867264	On the other hand, the       exquisite exudative lesion involving usually the capsular space but sometimes       limited, as in the hemorrhagic type, to the tuft itself and with little or no       tubular injury, constitutes a type of experimental vascular nephritis, hitherto       undescribed, which differs widely in its anatomical appearance from that due to       arsenic, cantharidin and other vascular poisons.	2010-06-23
Q132621	P1542	Q1136213	https://www.ncbi.nlm.nih.gov/pubmed/19867276	After thyroidectomy the glycosuria, produced by ether or adrenalin in the       normal animal, is greatly reduced.	2010-06-23
Q202218	P1542	Q1136213	https://www.ncbi.nlm.nih.gov/pubmed/19867276	After thyroidectomy the glycosuria, produced by ether or adrenalin in the       normal animal, is greatly reduced.	2010-06-23
Q12144	P1542	Q403082	https://www.ncbi.nlm.nih.gov/pubmed/16993213	The protracted contraction of muscle caused by nicotine and other substances       chiefly in relation to the rectus abdominis muscle of the frog.	2007-02-05
Q1974017	P1542	Q18557941	https://www.ncbi.nlm.nih.gov/pubmed/17862469	Paralytic Ileus as a Sequel of Fractured Ribs.	2007-09-17
Q25312	P1542	Q12136	https://www.ncbi.nlm.nih.gov/pubmed/20754254	Diseases Probably Caused by Flies.	2011-03-29
Q105522	P1542	Q5445	https://www.ncbi.nlm.nih.gov/pubmed/20754321	The Causation of Anaemia and the Blood Changes Produced by Uric Acid.	2011-03-29
Q689985	P1542	Q1424612	https://www.ncbi.nlm.nih.gov/pubmed/17862734	Intussusception Caused by a Lipoma of the Descending Colon: Acute       Intestinal Obstruction; Resection of the Colon.	2007-09-17
Q272714	P1542	Q16244733	https://www.ncbi.nlm.nih.gov/pubmed/17862839	INTESTINAL OBSTRUCTION DUE TO GALL-STONES: WITH REPORT OF THREE SUCCESSFUL CASES.	2007-09-17
Q421560	P1542	Q16244733	https://www.ncbi.nlm.nih.gov/pubmed/20754832	Intestinal Obstruction due to Occlusion of the Ileum by Pressure Band: Operation:       Recovery.	2011-03-29
Q105522	P1542	Q5445	https://www.ncbi.nlm.nih.gov/pubmed/20754964	A Post-Graduate Lecture on Further Researches on the Causation of Anaemia and the       Blood Changes Produced by Uric Acid: Delivered at the Metropolitan Hospital on       Wednesday, July 4th, 1894.	2011-03-29
Q388628	P1542	Q738153	https://www.ncbi.nlm.nih.gov/pubmed/17862961	Ileus Due to Meckel's Diverticulum.	2007-09-17
Q272714	P1542	Q421560	https://www.ncbi.nlm.nih.gov/pubmed/20755375	Obstruction of the Bowels Caused by Gall Stone: Laparotomy: Enterotomy.	2011-03-29
Q12078	P1542	Q16244733	https://www.ncbi.nlm.nih.gov/pubmed/17863159	Intestinal Obstruction Resulting from a Malignant Tumor of a Retained       Testis Abdominis.	2007-09-17
Q727096	P1542	Q19001366	https://www.ncbi.nlm.nih.gov/pubmed/20756863	A Case of Obstructed Labour due to Congenital Disease of Kidneys.	2011-03-29
Q12136	P1542	Q4	https://www.ncbi.nlm.nih.gov/pubmed/18008713	HISTORY OF THE ADOPTION BY THE NATIONS OF THE AMERICAN CONTINENT OF THE BERTILLON       NOMENCLATURE OF DISEASES AND CAUSES OF DEATH.	2008-01-14
Q12136	P1542	Q4	https://www.ncbi.nlm.nih.gov/pubmed/18008847	THE STATEMENT OF DURATION OF DISEASE ON DEATH CERTIFICATES AS A DETERMINING       FACTOR IN CLASSIFYING CAUSES OF DEATH.	2008-01-14
Q18123741	P1542	Q221441	https://www.ncbi.nlm.nih.gov/pubmed/18009118	IS PELLAGRA DUE TO AN INTESTINAL PARASITE?	2008-01-14
Q22111431	P1542	Q246084	https://www.ncbi.nlm.nih.gov/pubmed/20758261	On a Case of Cystitis of Three Years' Duration due to the Typhoid Bacillus.	2011-03-29
Q777087	P1542	Q16244733	https://www.ncbi.nlm.nih.gov/pubmed/20896841	Abdominal Section for Intestinal Obstruction due to Multiple Hydatid Cysts;       Recovery.	2011-03-29
Q221179	P1542	Q55998	https://www.ncbi.nlm.nih.gov/pubmed/20896845	Cases of Pleurisy caused by the Pneumococcus, and with Constitutional Symptoms       resembling those of Pneumonia.	2011-03-29
Q79793	P1542	Q8277	https://www.ncbi.nlm.nih.gov/pubmed/20896857	A Case of "False" Disseminated Sclerosis due to Measles, with remarks on the       occurrence of certain wide-spread Nervous Disorders after this and other       Infectious Diseases.	2011-03-29
Q616003	P1542	Q216211	https://www.ncbi.nlm.nih.gov/pubmed/20896926	Aortic Aneurysm as a Cause of Hypertrophy of the Left Ventricle.	2011-03-29
Q1173555	P1542	Q229256	https://www.ncbi.nlm.nih.gov/pubmed/18736686	Dermatitis Caused by Primula Poisoning.	2008-08-29
Q18556223	P1542	Q972514	https://www.ncbi.nlm.nih.gov/pubmed/20760046	ON INTRACRANIAL THROMBOSIS AS THE CAUSE OF DOUBLE OPTIC NEURITIS IN CASES OF       CHLOROSIS.	2011-03-29
Q18964867	P1542	Q47790	https://www.ncbi.nlm.nih.gov/pubmed/18737306	THE FALLACY OF POST-VACCINATION TETANUS DUE TO VACCINE VIRUS.	2008-08-29
Q777087	P1542	Q551085	https://www.ncbi.nlm.nih.gov/pubmed/20760685	SPINAL HYDATID CYSTS CAUSING SEVERE "COMPRESSION MYELITIS.":	2011-03-29
Q131129	P1542	Q82504	https://www.ncbi.nlm.nih.gov/pubmed/20761980	A CASE OF ACUTE ENDOCARDITIS DUE TO THE MICROCOCCUS GONORRHOEAE.	2011-03-29
Q39833	P1542	Q12195	https://www.ncbi.nlm.nih.gov/pubmed/17813651	THE MICROORGANISM CAUSING EPIDEMIC POLIOMYELITIS.	2010-06-09
Q468771	P1542	Q121041	https://www.ncbi.nlm.nih.gov/pubmed/20762813	ASCARIS LUMBRICOIDES AS CAUSE OF APPENDICITIS.	2011-03-29
Q12136	P1542	Q1968751	https://www.ncbi.nlm.nih.gov/pubmed/20763121	A Clinical Lecture UPON THE SURGICAL ASPECTS OF HAEMOPHILIA, WITH ESPECIAL       REFERENCE TO TWO CASES OF VOLKMANN'S CONTRACTURE RESULTING FROM THIS DISEASE.	2011-03-29
Q2409	P1542	Q3567921	https://www.ncbi.nlm.nih.gov/pubmed/20763138	A CASE OF GASTRO-ENTEROSTOMY, COMBINED WITH GASTROSTOMY, FOR ULCERATION OF THE       STOMACH, CAUSED BY SWALLOWING HYDROCHLORIC ACID.	2011-03-29
Q551085	P1542	Q1049655	https://www.ncbi.nlm.nih.gov/pubmed/20764041	A Clinical Lecture ON THREE CASES OF PARAPLEGIA: DUE TO ACUTE ANTERIOR       POLIOMYELITIS, TOXIC POLYNEURITIS, AND TRAUMATIC MYELITIS RESPECTIVELY.	2011-03-29
Q18558221	P1542	Q1049655	https://www.ncbi.nlm.nih.gov/pubmed/20764041	A Clinical Lecture ON THREE CASES OF PARAPLEGIA: DUE TO ACUTE ANTERIOR       POLIOMYELITIS, TOXIC POLYNEURITIS, AND TRAUMATIC MYELITIS RESPECTIVELY.	2011-03-29
Q2409	P1542	Q3567921	https://www.ncbi.nlm.nih.gov/pubmed/20896981	Ulceration of the OEsophagus and Stomach due to swallowing Strong Hydrochloric       Acid; Lessons of Treatment deduced from Three Cases.	2011-03-29
Q179661	P1542	Q41571	https://www.ncbi.nlm.nih.gov/pubmed/20896997	A Statistical Inquiry into the Prognosis and Curability of Epilepsy based upon       the results of treatment.	2011-03-29
Q388628	P1542	Q16244733	https://www.ncbi.nlm.nih.gov/pubmed/20310184	INTESTINAL OBSTRUCTIONS DUE TO MECKEL'S DIVERTICULUM.	2010-06-22
Q5712500	P1542	Q192120	https://www.ncbi.nlm.nih.gov/pubmed/20897083	Idiopathic Cyanosis due to Sulph-haemoglobinaemia: Enterogenous Cyanosis.	2011-03-29
Q22111431	P1542	Q83319	https://www.ncbi.nlm.nih.gov/pubmed/20310319	A REPORT OF TWO CASES OF TYPHOID FEVER WHICH SHOW UNCOMMON LESIONS DUE TO THE       BACILLUS TYPHOSUS: 1.	2010-06-22
Q2840	P1542	Q12192	https://www.ncbi.nlm.nih.gov/pubmed/25259345	Metastatic choroiditis occurring in the course of pneumonia due to grippe, based       on a study of six cases with two autopsies.	2014-09-26
Q24577882	P1542	Q827023	https://www.ncbi.nlm.nih.gov/pubmed/19867323	By combining physiological and anatomical methods in the study of experimental       nephritis it is possible to distinguish types of nephritis in which either       tubular or vascular changes predominate, and are essentially characteristic of       the lesion produced, but it is not possible to say that a given poison produces       exclusively tubular or exclusively vascular lesions.	2010-06-22
Q24577882	P1542	Q29299	https://www.ncbi.nlm.nih.gov/pubmed/19867323	Whether the vascular incompetency of the anuric       form of late tubular lesions is a natural consequence of the vessel irritability       seen in the early stages or is the result of the elimination of secondary poisons       through the glomeruli cannot be absolutely determined.	2010-06-22
Q21060492	P1542	Q401402	https://www.ncbi.nlm.nih.gov/pubmed/19867323	The nitrogen elimination in the urine in       vascular nephritis as represented by arsenic nephritis is not only not diminished       but is greatly increased as the result of the increased metabolism caused by       arsenic.	2010-06-22
Q216211	P1542	Q616087	https://www.ncbi.nlm.nih.gov/pubmed/19867400	Hypertrophy induced by the production of aortic insufficiency involves all the       chambers of the heart.	2010-06-22
Q410762	P1542	Q3052059	https://www.ncbi.nlm.nih.gov/pubmed/19867454	If this is the case, we might expect intravenous       injections of salvarsan to produce embolism in the pulmonary vessels with       consequent fatal results.	2010-06-22
Q221179	P1542	Q12192	https://www.ncbi.nlm.nih.gov/pubmed/19867512	By intrabronchial       insufflation of pure cultures of pneumococcus in dogs, we produced experimental       pneumonia successively in forty-two cases, with a mortality of at least 16 per       cent.	2010-06-22
Q7239	P1542	Q12192	https://www.ncbi.nlm.nih.gov/pubmed/19867512	The anatomical findings in these experiments       have shown some characteristics agreeing with the findings in the pneumonias of       man produced by these organisms.	2010-06-22
Q7239	P1542	Q1091650	https://www.ncbi.nlm.nih.gov/pubmed/19867556	Diseases produced by these organisms are toxemias and neutralization       of their toxins by antitoxin puts an end to the disease.	2010-06-22
Q7239	P1542	Q12136	https://www.ncbi.nlm.nih.gov/pubmed/19867556	Diseases produced by these organisms are toxemias and neutralization       of their toxins by antitoxin puts an end to the disease.	2010-06-22
Q10876	P1542	Q12192	https://www.ncbi.nlm.nih.gov/pubmed/19867558	Furthermore, since different organisms introduced in the same way and       under conditions which are apparently the same produced distinctly different       pneumonic lesions in animals of the same species, the further conclusion presents       itself that the different types of pneumonia are produced by specifically       different bacteria.	2010-06-22
Q202218	P1542	Q1136213	https://www.ncbi.nlm.nih.gov/pubmed/19867564	Consequently by this mode of administration ether may cause       glycosuria without asphyxia.	2010-06-22
Q79529	P1542	Q496812	https://www.ncbi.nlm.nih.gov/pubmed/19867684	The importance of the leucocyte in the resistance of animals to experimental       pneumonia is emphasized by the fact that animals treated with benzol, a       leucotoxic substance, rapidly succumb to the disease, while animals treated in       like manner with toluol, a very similar chemical substance causing no leucopenia,       show no decreased resistance.	2010-06-22
Q27116723	P1542	Q5445	https://www.ncbi.nlm.nih.gov/pubmed/19867688	Intravenous injections of alkaline hematin in the rabbit produce an anemia the       severity of which is proportional to the amount of hematin injected and the       susceptibility of the animal.	2010-06-22
Q1173555	P1542	Q5712500	https://www.ncbi.nlm.nih.gov/pubmed/19867688	Hemoglobinemia is an occasional consequence of       hematin poisoning.	2010-06-22
Q3386847	P1542	Q827023	https://www.ncbi.nlm.nih.gov/pubmed/19867691	AN EXPERIMENTAL STUDY OF THE LATE GLOMERULAR LESIONS CAUSED BY CROTALUS VENOM.	2010-06-22
Q3386847	P1542	Q2074424	https://www.ncbi.nlm.nih.gov/pubmed/19867691	The acute exudative glomerular lesion of the rabbit's kidney caused by crotalus       venom does not lead to a subacute or chronic glomerulonephritis.	2010-06-22
Q3386847	P1542	Q827023	https://www.ncbi.nlm.nih.gov/pubmed/19867691	The acute exudative glomerular lesion of the rabbit's kidney caused by crotalus       venom does not lead to a subacute or chronic glomerulonephritis.	2010-06-22
Q3386847	P1542	Q570197	https://www.ncbi.nlm.nih.gov/pubmed/19867691	On the other hand, crotalus venom       causes a persistent albuminuria and extensive tubular degeneration and cast       formation, with death, preceded by great emaciation, after five to six weeks.	2010-06-22
Q3386847	P1542	Q24248427	https://www.ncbi.nlm.nih.gov/pubmed/19867691	On the other hand, crotalus venom       causes a persistent albuminuria and extensive tubular degeneration and cast       formation, with death, preceded by great emaciation, after five to six weeks.	2010-06-22
Q192995	P1542	Q12195	https://www.ncbi.nlm.nih.gov/pubmed/19867761	The constant involvement of the pia-arachnoid       membranes in poliomyelitis, even when no paralysis occurs, and the fact that       infection can readily be produced by intraspinous inoculation suggests anew that       in the pathogenesis of poliomyelitis the interstitial tissue changes within the       meninges, blood vessels, and ground substance play a determining part.	2010-06-22
Q12195	P1542	Q12136	https://www.ncbi.nlm.nih.gov/pubmed/19867761	The failure of the cerebrospinal fluid from human and       experimental cases of poliomyelitis to produce the disease when inoculated into       monkeys is due to the fact that the virus is either fixed by the nervous tissues       or passes into the blood.	2010-06-22
Q580383	P1542	Q5445	https://www.ncbi.nlm.nih.gov/pubmed/19867799	The evidence at hand does not support       the theory that this hyperplasia is compensatory either to the anemia caused by       splenectomy or to an increased hemolysis in the lymph nodes.	2010-06-22
Q172275	P1542	Q401402	https://www.ncbi.nlm.nih.gov/pubmed/19867849	DIET AND THE NEPHRITIS CAUSED BY POTASSIUM CHROMATE, URANIUM NITRATE, OR       CHLOROFORM.	2010-06-22
Q416785	P1542	Q401402	https://www.ncbi.nlm.nih.gov/pubmed/19867849	DIET AND THE NEPHRITIS CAUSED BY POTASSIUM CHROMATE, URANIUM NITRATE, OR       CHLOROFORM.	2010-06-22
Q407939	P1542	Q401402	https://www.ncbi.nlm.nih.gov/pubmed/19867849	DIET AND THE NEPHRITIS CAUSED BY POTASSIUM CHROMATE, URANIUM NITRATE, OR       CHLOROFORM.	2010-06-22
Q407939	P1542	Q401402	https://www.ncbi.nlm.nih.gov/pubmed/19867849	Susceptibility to       intoxication with potassium chromate which causes nephritis with necrosis of the       convoluted tubules of the kidney is not greater after a diet of fat than after a       diet of meat.	2010-06-22
Q416785	P1542	Q401402	https://www.ncbi.nlm.nih.gov/pubmed/19867849	Susceptibility to intoxication with uranium nitrate which causes       nephritis with advanced necrosis of renal tubules is increased by a diet of fat.	2010-06-22
Q7239	P1542	Q12192	https://www.ncbi.nlm.nih.gov/pubmed/19867855	Inasmuch as organisms belonging to this       group are of low virulence, and are responsible in our experience for only 20 per       cent. of the cases of pneumonia, it is at once manifest that the majority and       more virulent cases of pneumonia are due to organisms which are not found in       normal mouths.	2010-06-22
Q221179	P1542	Q48143	https://www.ncbi.nlm.nih.gov/pubmed/19868030	Intravenous inoculations of from 1 to 3 cc. per kilo of body weight of a bouillon       culture of virulent pneumococci produce septicemia and meningitis in dogs.	2010-06-22
Q487837	P1542	Q4	https://www.ncbi.nlm.nih.gov/pubmed/19868245	In a       small percentage of the cases death was probably due directly to the coccidiosis.	2010-06-22
Q764	P1542	Q464067	https://www.ncbi.nlm.nih.gov/pubmed/16693768	GENERALIZED MYCOSIS DUE TO A HITHERTO UNDESCRIBED FUNGUS (GLENOSPORA GAMMELI).	2006-05-31
Q202218	P1542	Q268594	https://www.ncbi.nlm.nih.gov/pubmed/19871738	The decrease found in 0.73 per cent ether is not sufficient to cause       narcosis, as is shown by experiments on which the same decrease is produced by       lowering the temperature.	2010-06-22
Q188121	P1542	Q35869	https://www.ncbi.nlm.nih.gov/pubmed/19972369	Study XIII: The Relationship between the Cutaneous Reaction, Serum Agglutination       Tests and Bacteriological Examination of the Sputum and Nasal Secretions in       determining the part Staphylococcus Pyogenes Aureus and Albus may play in the       cause of Bronchial Asthma.	2010-06-22
Q416785	P1542	Q827023	https://www.ncbi.nlm.nih.gov/pubmed/19867338	THE INFLUENCE OF NEPHRECTOMY AND OTHER SURGICAL       OPERATIONS AND OF THE LESIONS PRODUCED BY URANIUM NITRATE UPON ABSORPTION FROM       THE PERITONEAL CAVITY.	2010-06-23
Q21036645	P1542	Q185557	https://www.ncbi.nlm.nih.gov/pubmed/19867472	An intravenous injection       of dextrose, if given in a sufficient quantity in a unit of time, causes a       definite excretion, or increase of excretion, into the small intestine and the       stomach.	2010-06-23
Q24577882	P1542	Q401402	https://www.ncbi.nlm.nih.gov/pubmed/19867475	The physiological study of experimental nephritis caused by poisons of bacterial       origin demonstrates that the poisons may produce types of nephritis in which       either vascular or tubular changes predominate.	2010-06-23
Q132621	P1542	Q403082	https://www.ncbi.nlm.nih.gov/pubmed/19867483	The combination of a biological test object on which adrenalin causes       contraction of smooth muscle (perfused blood-vessels or the uterus in certain       conditions) with a biological test object on which it produces inhibition of       contraction of smooth muscle (intestine) greatly diminishes the chance of error       in testing blood (or other body liquids) for adrenalin.	2010-06-23
Q21060492	P1542	Q401402	https://www.ncbi.nlm.nih.gov/pubmed/19867489	The elimination of the test dye is decreased       in so-called spontaneous nephritis and in experimental nephritis due to potassium       chromate, uranium nitrate, cantharidin, diphtheria toxin, and arsenic, and in       those lesions caused by snake venom, hemolytic serum, prolonged renal anemia, and       extensive reduction of the kidney substance.	2010-06-23
Q407939	P1542	Q401402	https://www.ncbi.nlm.nih.gov/pubmed/19867489	The elimination of the test dye is decreased       in so-called spontaneous nephritis and in experimental nephritis due to potassium       chromate, uranium nitrate, cantharidin, diphtheria toxin, and arsenic, and in       those lesions caused by snake venom, hemolytic serum, prolonged renal anemia, and       extensive reduction of the kidney substance.	2010-06-23
Q407939	P1542	Q401402	https://www.ncbi.nlm.nih.gov/pubmed/19867489	The elimination of the test dye is decreased       in so-called spontaneous nephritis and in experimental nephritis due to potassium       chromate, uranium nitrate, cantharidin, diphtheria toxin, and arsenic, and in       those lesions caused by snake venom, hemolytic serum, prolonged renal anemia, and       extensive reduction of the kidney substance.	2010-06-23
Q407939	P1542	Q827023	https://www.ncbi.nlm.nih.gov/pubmed/19867489	The elimination of the test dye is decreased       in so-called spontaneous nephritis and in experimental nephritis due to potassium       chromate, uranium nitrate, cantharidin, diphtheria toxin, and arsenic, and in       those lesions caused by snake venom, hemolytic serum, prolonged renal anemia, and       extensive reduction of the kidney substance.	2010-06-23
Q410884	P1542	Q401402	https://www.ncbi.nlm.nih.gov/pubmed/19867489	The elimination of the test dye is decreased       in so-called spontaneous nephritis and in experimental nephritis due to potassium       chromate, uranium nitrate, cantharidin, diphtheria toxin, and arsenic, and in       those lesions caused by snake venom, hemolytic serum, prolonged renal anemia, and       extensive reduction of the kidney substance.	2010-06-23
Q416785	P1542	Q401402	https://www.ncbi.nlm.nih.gov/pubmed/19867489	The elimination of the test dye is decreased       in so-called spontaneous nephritis and in experimental nephritis due to potassium       chromate, uranium nitrate, cantharidin, diphtheria toxin, and arsenic, and in       those lesions caused by snake venom, hemolytic serum, prolonged renal anemia, and       extensive reduction of the kidney substance.	2010-06-23
Q416785	P1542	Q401402	https://www.ncbi.nlm.nih.gov/pubmed/19867489	The elimination of the test dye is decreased       in so-called spontaneous nephritis and in experimental nephritis due to potassium       chromate, uranium nitrate, cantharidin, diphtheria toxin, and arsenic, and in       those lesions caused by snake venom, hemolytic serum, prolonged renal anemia, and       extensive reduction of the kidney substance.	2010-06-23
Q416785	P1542	Q827023	https://www.ncbi.nlm.nih.gov/pubmed/19867489	The elimination of the test dye is decreased       in so-called spontaneous nephritis and in experimental nephritis due to potassium       chromate, uranium nitrate, cantharidin, diphtheria toxin, and arsenic, and in       those lesions caused by snake venom, hemolytic serum, prolonged renal anemia, and       extensive reduction of the kidney substance.	2010-06-23
Q410884	P1542	Q401402	https://www.ncbi.nlm.nih.gov/pubmed/19867489	The elimination of the test dye is decreased       in so-called spontaneous nephritis and in experimental nephritis due to potassium       chromate, uranium nitrate, cantharidin, diphtheria toxin, and arsenic, and in       those lesions caused by snake venom, hemolytic serum, prolonged renal anemia, and       extensive reduction of the kidney substance.	2010-06-23
Q410884	P1542	Q827023	https://www.ncbi.nlm.nih.gov/pubmed/19867489	The elimination of the test dye is decreased       in so-called spontaneous nephritis and in experimental nephritis due to potassium       chromate, uranium nitrate, cantharidin, diphtheria toxin, and arsenic, and in       those lesions caused by snake venom, hemolytic serum, prolonged renal anemia, and       extensive reduction of the kidney substance.	2010-06-23
Q21060492	P1542	Q401402	https://www.ncbi.nlm.nih.gov/pubmed/19867489	The elimination of the test dye is decreased       in so-called spontaneous nephritis and in experimental nephritis due to potassium       chromate, uranium nitrate, cantharidin, diphtheria toxin, and arsenic, and in       those lesions caused by snake venom, hemolytic serum, prolonged renal anemia, and       extensive reduction of the kidney substance.	2010-06-23
Q21060492	P1542	Q827023	https://www.ncbi.nlm.nih.gov/pubmed/19867489	The elimination of the test dye is decreased       in so-called spontaneous nephritis and in experimental nephritis due to potassium       chromate, uranium nitrate, cantharidin, diphtheria toxin, and arsenic, and in       those lesions caused by snake venom, hemolytic serum, prolonged renal anemia, and       extensive reduction of the kidney substance.	2010-06-23
Q172275	P1542	Q59768	https://www.ncbi.nlm.nih.gov/pubmed/19867520	Hence one       may conclude that probably normal and pregnant human beings are equally       susceptible to chloroform poisoning, that chloroform anesthesia during any part       of the pregnant period is capable of causing liver necrosis, and, consequently,       that chloroform is a dangerous anesthetic.	2010-06-23
Q751405	P1542	Q7630703	https://www.ncbi.nlm.nih.gov/pubmed/19867526	In most cases of chronic or subacute bacterial endocarditis due to the       endocarditis coccus (Streptococcus viridans), there exists a distinctive       pathological lesion in some of the glomeruli due to bacterial emboli.	2010-06-23
Q775953	P1542	Q7630703	https://www.ncbi.nlm.nih.gov/pubmed/19867526	In most cases of chronic or subacute bacterial endocarditis due to the       endocarditis coccus (Streptococcus viridans), there exists a distinctive       pathological lesion in some of the glomeruli due to bacterial emboli.	2010-06-23
Q7239	P1542	Q7630703	https://www.ncbi.nlm.nih.gov/pubmed/19867526	The lesion does not occur in cases of acute       endocarditis, and up to the present time it has been absent in cases of subacute       bacterial endocarditis due to organisms other than the endocarditis coccus.	2010-06-23
Q11002	P1542	Q185557	https://www.ncbi.nlm.nih.gov/pubmed/16743349	The Relationship of Phosphates to Carbohydrate Metabolism: Time Relationship of       the Changes in Phosphate Excretion caused by Insulin and Sugar.	2006-06-05
Q299789	P1542	Q1553850	https://www.ncbi.nlm.nih.gov/pubmed/19867580	During the first three or four       weeks after splenectomy hemoglobinuria due to hemolytic serum was not followed by       jaundice.	2010-06-23
Q221179	P1542	Q48143	https://www.ncbi.nlm.nih.gov/pubmed/19867598	Virulent pneumococci injected into the cranial or spinal cavities of monkeys       produce constantly a meningitis closely resembling pneumococcus meningitis in       man, except that the experimental disease pursues a more rapid course to the       invariable death of the untreated animal.	2010-06-23
Q299789	P1542	Q133244	https://www.ncbi.nlm.nih.gov/pubmed/19867610	The failure of a hemolytic serum to cause jaundice is due in some       way to the anemia which frequently follows splenectomy.	2010-06-23
Q580383	P1542	Q5445	https://www.ncbi.nlm.nih.gov/pubmed/19867611	As anemia of varying grade       is a characteristic result of splenectomy, it would appear that the increased       resistance of the corpuscles is a concomitant of the regeneration of the red       cells following such anemia and is thus analogous to the increased resistance of       such cells not infrequently observed in various forms of experimental anemia.	2010-06-23
Q293648	P1542	Q5445	https://www.ncbi.nlm.nih.gov/pubmed/19867611	There is no evidence to indicate that the anemia after splenectomy is due to the       presence of hemolytic bodies, or that the increased resistance of the cells is       due to antihemolytic bodies, accumulating in the serum as the result of the       ablation of the spleen.	2010-06-23
Q410884	P1542	Q401402	https://www.ncbi.nlm.nih.gov/pubmed/19867616	LYMPH FORMATION AND EDEMA OF THE LIVER WITH EXPERIMENTAL NEPHRITIS PRODUCED BY       CANTHARIDIN.	2010-06-23
Q221179	P1542	Q12192	https://www.ncbi.nlm.nih.gov/pubmed/19867648	It differs, however, materially from       the pneumonia produced by virulent pneumococci in the important points that the       consolidation tends to a more rapid resolution, the disease is non-fatal, the       blood is not invaded by the organism, and the exudate is strikingly poor in       fibrin.	2010-06-23
Q7239	P1542	Q12192	https://www.ncbi.nlm.nih.gov/pubmed/19867648	As to the question which was the starting point for the foregoing       investigation, namely, whether the pneumonic lesion produced by the streptococcus       is merely a form of pneumonia caused by a less virulent organism, it may be       answered for the dog, it seems, in the negative.	2010-06-23
Q221179	P1542	Q419301	https://www.ncbi.nlm.nih.gov/pubmed/19867654	The experiments show that intrabronchial insufflation of a culture of virulent       pneumococcus killed by heat and still containing stainable organisms produces an       inextensive, mild, patchy, superficial inflammation of the lung tissue bearing no       similarity to the lesions produced by the living pneumococcus, and that       insufflation of sterile bouillon causes a pronounced congestion of the lung       tissue with which it comes in contact, sometimes lasting for forty-eight hours.	2010-06-23
Q39833	P1542	Q12195	https://www.ncbi.nlm.nih.gov/pubmed/19867721	EXPERIMENTS ON THE CULTIVATION OF THE MICROORGANISM CAUSING EPIDEMIC       POLIOMYELITIS.	2010-06-23
Q7239	P1542	Q12192	https://www.ncbi.nlm.nih.gov/pubmed/19867729	Macroscopically       the pneumonia produced by the virulent organism was, as a rule, lobular in       character.	2010-06-23
Q7239	P1542	Q12192	https://www.ncbi.nlm.nih.gov/pubmed/19867729	The course of the       pneumonia caused by the virulent organism seemed to be somewhat longer than that       produced by the less virulent one; areas of resolving pneumonia were found to       persist on the sixth and seventh days after the injection, and in one such       instance the solid focus contained viable organisms.	2010-06-23
Q190161	P1542	Q734512	https://www.ncbi.nlm.nih.gov/pubmed/19867729	The several investigations which we have carried out seem       to show conclusively that in general the streptococcus causes a lobular pneumonia       which, besides the leucocytic intra-alveolar exudation, is characterized by a       leucocytic infiltration of the lung framework, and that the pneumococcus causes a       lobar pneumonia, which is practically free from leucocytic infiltration of the       interstitial tissue of the lung.	2010-06-23
Q24577882	P1542	Q5445	https://www.ncbi.nlm.nih.gov/pubmed/19867739	In the splenectornized dog the anemia caused by hemolytic poisons (hemolytic       immune serum and sodium oleate) and by bleeding is of a severer grade, runs a       longer course, and is accompanied by a less rapid regeneration of the blood than       is the case in the normal dog.	2010-06-23
Q416785	P1542	Q401402	https://www.ncbi.nlm.nih.gov/pubmed/19867767	The spontaneous nephritis studied       resembles more closely that produced by uranium nitrate than that produced by       diphtheria toxin both histologically and from the standpoint of blood analysis.	2010-06-23
Q1268646	P1542	Q557945	https://www.ncbi.nlm.nih.gov/pubmed/19867769	There is therefore no possibility of confusing the       effects due to the organism with the effects due to the dye.	2010-06-23
Q54196	P1542	Q12195	https://www.ncbi.nlm.nih.gov/pubmed/19867781	Pathological conditions of the       leptomeninges and the cerebrospinal fluid play an important part in the       pathogenesis of epidemic poliomyelitis.	2010-06-23
Q684674	P1542	Q7630703	https://www.ncbi.nlm.nih.gov/pubmed/19867782	They were absent in fourteen cases of subacute bacterial endocarditis due to       Streptococcus mitis.	2010-06-23
Q190161	P1542	Q170990	https://www.ncbi.nlm.nih.gov/pubmed/19867784	The deduction of a distinct variety or species       of streptococcus based upon the power to cause arthritis in rabbits is       unwarranted.	2010-06-23
Q190161	P1542	Q4	https://www.ncbi.nlm.nih.gov/pubmed/19867818	When rabbits are injected intravenously with a quantity of virulent streptococci       or pneumococci sufficient to cause death within two to four days the septicemia       takes a definite course with slight variations.	2010-06-23
Q221179	P1542	Q4	https://www.ncbi.nlm.nih.gov/pubmed/19867818	When rabbits are injected intravenously with a quantity of virulent streptococci       or pneumococci sufficient to cause death within two to four days the septicemia       takes a definite course with slight variations.	2010-06-23
Q12136	P1542	Q183392	https://www.ncbi.nlm.nih.gov/pubmed/19867836	Rachitic changes in the bones and teeth occur in young albino rats as the result       of spontaneous disease, possibly of infective origin.	2010-06-23
Q164655	P1542	Q18554841	https://www.ncbi.nlm.nih.gov/pubmed/17865301	INTRACRANIAL TUMORS AND ABSCESSES CAUSING COMMUNICATING HYDROCEPHALUS.	2007-09-17
Q153	P1542	Q268594	https://www.ncbi.nlm.nih.gov/pubmed/19867863	Alcohol causes a drop in the phthalein curve when given in       large doses sufficient to cause stupor for a few hours.	2010-06-23
Q27116685	P1542	Q274160	https://www.ncbi.nlm.nih.gov/pubmed/19867869	A temperature of 70       degrees C. for 10 minutes applied to blood subsequent to its incubation with       atoxyl causes nearly all the toxicity of the solution to disappear.	2010-06-23
Q1323709	P1542	Q18554982	https://www.ncbi.nlm.nih.gov/pubmed/17865399	THE MECHANISM OF INTESTINAL PERFORATION DUE TO DISTENTION.	2007-09-17
Q938983	P1542	Q372016	https://www.ncbi.nlm.nih.gov/pubmed/17865562	THE PATHOGENESIS OF THE END RESULTS OF THE LESIONS OF ACUTE OSTEOMYELITIS.	2007-09-17
Q39833	P1542	Q12195	https://www.ncbi.nlm.nih.gov/pubmed/19867886	The minute microorganism is therefore to be regarded as the       specific microbic cause of epidemic poliomyelitis.	2010-06-23
Q132621	P1542	Q216211	https://www.ncbi.nlm.nih.gov/pubmed/19867917	In rabbits transient and also permanent enlargements of the heart occur as the       result of the intravenous injection of adrenalin, spartein and adrenalin,       diphtheria toxin, and streptococci.	2010-06-23
Q132621	P1542	Q216211	https://www.ncbi.nlm.nih.gov/pubmed/19867917	In rabbits transient and also permanent enlargements of the heart occur as the       result of the intravenous injection of adrenalin, spartein and adrenalin,       diphtheria toxin, and streptococci.	2010-06-23
Q12156	P1542	Q4	https://www.ncbi.nlm.nih.gov/pubmed/19867927	Malaria frequently interrupts the late stages of pregnancy and       sometimes causes the death of the mother and the fetus, more often the latter.	2010-06-23
Q2307256	P1542	Q1365091	https://www.ncbi.nlm.nih.gov/pubmed/19867933	The so called central neuritis assumes a peculiar       attitude in that it plainly leads swiftly to an acute fatty degeneration of the       ganglion cells, in which there exists an inclination of the fatty granules to       flow together into large masses.	2010-06-23
Q15460254	P1542	Q207855	https://www.ncbi.nlm.nih.gov/pubmed/18168425	A CASE OF AMBLYOPIA DUE TO AMOEBIC DYSENTERY WITH COMPLETE RECOVERY.	2008-01-11
Q190161	P1542	Q170990	https://www.ncbi.nlm.nih.gov/pubmed/19867944	By intravenous inoculation, without previous sensitization,       of the streptococcus used in these experiments it was possible to cause arthritis       in rabbits only after three or more injections.	2010-06-23
Q27725508	P1542	Q376666	https://www.ncbi.nlm.nih.gov/pubmed/19867958	Metchnikoff and Besredka's living sensitized vaccine produces a typhoid       cholecystitis when injected directly into the gall bladder of rabbits.	2010-06-23
Q212032	P1542	Q1149147	https://www.ncbi.nlm.nih.gov/pubmed/19867987	Cells which have phagocytyzed bacilli may digest them or may be unable to do so,       in which case the bacilli develop within the cells and eventually cause complete       cell degeneration.	2010-06-23
Q39833	P1542	Q176741	https://www.ncbi.nlm.nih.gov/pubmed/19867993	Whether       this active material is a microorganism and if so whether it is the specific       microbic cause of parotitis or mumps remains to be ascertained.	2010-06-23
Q39833	P1542	Q176741	https://www.ncbi.nlm.nih.gov/pubmed/19867993	Whether       this active material is a microorganism and if so whether it is the specific       microbic cause of parotitis or mumps remains to be ascertained.	2010-06-23
Q407142	P1542	Q12136	https://www.ncbi.nlm.nih.gov/pubmed/18010292	Dust rising from dry-swept floors, even where phenol was       used, produced the disease in guinea pigs.	2008-01-14
Q170065	P1542	Q12136	https://www.ncbi.nlm.nih.gov/pubmed/19868010	These facts should       be taken into consideration in the study of diseases caused by infectious agents       capable of living within tissue cells.	2010-06-23
Q179661	P1542	Q48143	https://www.ncbi.nlm.nih.gov/pubmed/19868017	Because of the variable severity of epidemics of meningitis, small       reliance can be placed on results of treatment limited in extent to small numbers       of cases and to one locality.	2010-06-23
Q154625	P1542	Q7386479	https://www.ncbi.nlm.nih.gov/pubmed/19868017	It follows, therefore, that whatever       theoretical advantages might accrue from a bactericidal activity exerted by these       chemicals independently of the type of meningococcus causing epidemic meningitis,       is more than offset by the harmful effects which they cause.	2010-06-23
Q19883507	P1542	Q3567921	https://www.ncbi.nlm.nih.gov/pubmed/19868044	This       tends to show that the gastric juice as the cause of the ulcer is but a secondary       although necessary factor.	2010-06-23
Q830265	P1542	Q12195	https://www.ncbi.nlm.nih.gov/pubmed/19868110	Serum taken from recently recovered cases of poliomyelitis may be employed in       its treatment and probably yields the best results.	2010-06-23
Q192995	P1542	Q12136	https://www.ncbi.nlm.nih.gov/pubmed/19868110	The favorable results       thus far achieved in human beings by means of the immune serum support and extend       those obtained experimentally in monkeys and indicate, as was foreseen, that the       milder or less fatal form of poliomyelitis appearing in man is even more amenable       to the serum treatment than is the highly fatal disease produced by inoculation       in monkeys.	2010-06-23
Q179661	P1542	Q12136	https://www.ncbi.nlm.nih.gov/pubmed/19868110	The favorable results       thus far achieved in human beings by means of the immune serum support and extend       those obtained experimentally in monkeys and indicate, as was foreseen, that the       milder or less fatal form of poliomyelitis appearing in man is even more amenable       to the serum treatment than is the highly fatal disease produced by inoculation       in monkeys.	2010-06-23
Q26272	P1542	Q421560	https://www.ncbi.nlm.nih.gov/pubmed/19868120	In intact       dogs before and after the administration of strophanthin or digitalis, smalf       doses of atropine usually caused auriculoventricular block (or exaggerated it if       already present).	2010-06-23
Q15556232	P1542	Q403082	https://www.ncbi.nlm.nih.gov/pubmed/19868120	When ectopic contractions were present as a result of previous       administration of strophanthin or digitalis, atropine, like amyl nitrite, often       caused their disappearance, or altered the form of the ventricular complex, but       was less efficient in this direction than amyl nitrite.	2010-06-23
Q190161	P1542	Q170990	https://www.ncbi.nlm.nih.gov/pubmed/19868123	Arthritis and meningitis were produced by the streptococci, but there       were neither clinical iior histological evidences of true poliomyelitis.	2010-06-23
Q190161	P1542	Q48143	https://www.ncbi.nlm.nih.gov/pubmed/19868123	Arthritis and meningitis were produced by the streptococci, but there       were neither clinical iior histological evidences of true poliomyelitis.	2010-06-23
Q190161	P1542	Q48143	https://www.ncbi.nlm.nih.gov/pubmed/19868123	It is not known that they exert an       influence in this disease, although they may possibly give rise to the production       of antibodies) assuming their entrance not to be wholly agonal,as the cultures of       streptococci are frequently of sufficient virulence to produce meningitis in       rabbits and monkeys.	2010-06-23
Q14821014	P1542	Q22298742	https://www.ncbi.nlm.nih.gov/pubmed/19868158	The reaction is       not caused by pure thrombin or a mixture of pure thrombin and calcium, though       substances causing the metamorphosis are intimately related to thrombin.	2010-06-23
Q12136	P1542	Q4	https://www.ncbi.nlm.nih.gov/pubmed/19868160	A subcutaneous injection       of twenty organisms, or 0.00000001 cc. of a 24 hour bouillon culture, or a drop       of a bouillon culture rubbed lightly into the shaven skin, produces, in the       rabbit, a characteristic disease resulting in death on or about the 6th day.	2010-06-23
Q180266	P1542	Q605006	https://www.ncbi.nlm.nih.gov/pubmed/19868177	Repeated injections into the blood stream of streptococci and stapnylococci       derived from cases of scarlet fever, and of Bacillus coli communior failed to       produce typical glomerulonephritis even when immune antibodies could be       demonstrated in the serum in high dilutions.	2010-06-23
Q24577882	P1542	Q12136	https://www.ncbi.nlm.nih.gov/pubmed/19868177	It is       again suggested that a circulating poison in the soluble state is responsible       directly for the disease in question.	2010-06-23
Q21060492	P1542	Q401402	https://www.ncbi.nlm.nih.gov/pubmed/19868214	In experimental nephritis caused by cantharidin, arsenic, diphtheria toxin,       and potassium chromate, in addition to the retention of the non-protein and urea       nitrogen and of the chlorides in blood, an acidosis occurs.	2010-06-23
Q410884	P1542	Q401402	https://www.ncbi.nlm.nih.gov/pubmed/19868214	In experimental nephritis caused by cantharidin, arsenic, diphtheria toxin,       and potassium chromate, in addition to the retention of the non-protein and urea       nitrogen and of the chlorides in blood, an acidosis occurs.	2010-06-23
Q407939	P1542	Q401402	https://www.ncbi.nlm.nih.gov/pubmed/19868214	In experimental nephritis caused by cantharidin, arsenic, diphtheria toxin,       and potassium chromate, in addition to the retention of the non-protein and urea       nitrogen and of the chlorides in blood, an acidosis occurs.	2010-06-23
Q24577882	P1542	Q401402	https://www.ncbi.nlm.nih.gov/pubmed/19868214	Histological examination shows       little if any influence resulting from the administration of sodium bicarbonate       upon the grade of the nephritis induced by the poisons.	2010-06-23
Q132621	P1542	Q1136213	https://www.ncbi.nlm.nih.gov/pubmed/19868232	After Blum's discovery of the production of glycosuria by the subcutaneous       injection of adrenal extract, Herter has the merit of having found that injection       of adrenalin into the peritoneal cavity also produces glycosuria; this is an       undeniable fact.	2010-06-23
Q132621	P1542	Q1136213	https://www.ncbi.nlm.nih.gov/pubmed/19868232	The most we can predicate on the basis of the present       experiments is that intraperitoneal injection of adrenalin produces a somewhat       higher degree of glycosuria than could be anticipated.	2010-06-23
Q1400536	P1542	Q271993	https://www.ncbi.nlm.nih.gov/pubmed/19868232	It will be recalled that Herter and his coworkers state first,       that painting the pancreas causes a marked glycosuria and hyperglycemia, and,       second, that the glycosuria and hyperglycemia produced by intraperitoneal       injections are of pancreatic origin; that is, they are produced by the       adrenalin's coming in contact with the pancreas.	2010-06-23
Q1400536	P1542	Q271993	https://www.ncbi.nlm.nih.gov/pubmed/19868232	It will be recalled that Herter and his coworkers state first,       that painting the pancreas causes a marked glycosuria and hyperglycemia, and,       second, that the glycosuria and hyperglycemia produced by intraperitoneal       injections are of pancreatic origin; that is, they are produced by the       adrenalin's coming in contact with the pancreas.	2010-06-23
Q46729	P1542	Q12136	https://www.ncbi.nlm.nih.gov/pubmed/19868267	The vegetative forms of the       dysentery ameba produced the disease in 91 per cent of cases when introduced per       anum, and in 50 per cent where the cysts were introduced per os.	2010-06-23
Q79529	P1542	Q12192	https://www.ncbi.nlm.nih.gov/pubmed/19868275	These studies taken in conjunction       with the earlier ones of Kline and Meltzer in which aleuronat, starch, egg yolk,       and lecithin were insufflated into the lungs, show that pulmonary inflammation       may be induced by various chemical substances-with the following differences.	2010-06-23
Q407204	P1542	Q827023	https://www.ncbi.nlm.nih.gov/pubmed/19868275	Both series of substances produced       lobar pneumonia, while the pulmonary lesions induced by chloramine-T and sodium       hypochlorite were of the nature of bronchopneumonia.	2010-06-23
Q27289707	P1542	Q827023	https://www.ncbi.nlm.nih.gov/pubmed/19868275	Both series of substances produced       lobar pneumonia, while the pulmonary lesions induced by chloramine-T and sodium       hypochlorite were of the nature of bronchopneumonia.	2010-06-23
Q143200	P1542	Q827023	https://www.ncbi.nlm.nih.gov/pubmed/19868276	Intrabronchial       injections of mercuric chloride even in a dilution of 1:10,000 cause a marked       pulmonary lesion.	2010-06-23
Q1346016	P1542	Q1413860	https://www.ncbi.nlm.nih.gov/pubmed/19868284	URINARY SIDEROSIS : HEMOSIDERIN GRANULES IN THE URINE AS AN AID IN THE DIAGNOSIS       OF PERNICIOUS ANEMIA, HEMOCHROMATOSIS, AND OTHER DISEASES CAUSING SIDEROSIS OF       THE KIDNEY.	2010-06-23
Q12136	P1542	Q1413860	https://www.ncbi.nlm.nih.gov/pubmed/19868284	URINARY SIDEROSIS : HEMOSIDERIN GRANULES IN THE URINE AS AN AID IN THE DIAGNOSIS       OF PERNICIOUS ANEMIA, HEMOCHROMATOSIS, AND OTHER DISEASES CAUSING SIDEROSIS OF       THE KIDNEY.	2010-06-23
Q3144934	P1542	Q1413860	https://www.ncbi.nlm.nih.gov/pubmed/19868284	URINARY SIDEROSIS : HEMOSIDERIN GRANULES IN THE URINE AS AN AID IN THE DIAGNOSIS       OF PERNICIOUS ANEMIA, HEMOCHROMATOSIS, AND OTHER DISEASES CAUSING SIDEROSIS OF       THE KIDNEY.	2010-06-23
Q1346016	P1542	Q1413860	https://www.ncbi.nlm.nih.gov/pubmed/19868284	URINARY SIDEROSIS : HEMOSIDERIN GRANULES IN THE URINE AS AN AID IN THE DIAGNOSIS       OF PERNICIOUS ANEMIA, HEMOCHROMATOSIS, AND OTHER DISEASES CAUSING SIDEROSIS OF       THE KIDNEY.	2010-06-23
Q12136	P1542	Q1413860	https://www.ncbi.nlm.nih.gov/pubmed/19868284	URINARY SIDEROSIS : HEMOSIDERIN GRANULES IN THE URINE AS AN AID IN THE DIAGNOSIS       OF PERNICIOUS ANEMIA, HEMOCHROMATOSIS, AND OTHER DISEASES CAUSING SIDEROSIS OF       THE KIDNEY.	2010-06-23
Q3144934	P1542	Q1413860	https://www.ncbi.nlm.nih.gov/pubmed/19868284	URINARY SIDEROSIS : HEMOSIDERIN GRANULES IN THE URINE AS AN AID IN THE DIAGNOSIS       OF PERNICIOUS ANEMIA, HEMOCHROMATOSIS, AND OTHER DISEASES CAUSING SIDEROSIS OF       THE KIDNEY.	2010-06-23
Q557945	P1542	Q19000581	https://www.ncbi.nlm.nih.gov/pubmed/19868293	It seems probable that some of the cultures that are       described in the literature as hog-cholera bacilli really belong to this group,       which would account for much of the confusion that exists in the classification       of the interesting, truly pathogenic bacillus that at one time was thought to be       the cause of hog-cholera and in the series of animals with which we have worked       has not appeared once.	2010-06-23
Q212032	P1542	Q12136	https://www.ncbi.nlm.nih.gov/pubmed/19868293	Whether the ingestion of pork containing these bacilli       would cause disease in man is a question that can only be decided by a more       careful bacteriological study of the organisms causing food poisonings and       paratyphoid fever.	2010-06-23
Q192995	P1542	Q30953	https://www.ncbi.nlm.nih.gov/pubmed/20474653	Dengue Fever in Australia: Its History and Clinical Course, its Experimental       Transmission by Stegomyia fasciata, and the results of Inoculation and other       Experiments.	2010-06-23
Q1675957	P1542	Q6931220	https://www.ncbi.nlm.nih.gov/pubmed/18739807	MUCOCELE OF THE FRONTAL SINUS CAUSED BY AN OSTEOMA: REPORT OF A CASE.	2008-08-29
Q210427	P1542	Q11681869	https://www.ncbi.nlm.nih.gov/pubmed/18739824	THE CORRECTION OF FLEXION, ADDUCTION, AND INTERNAL ROTATION DEFORMITIES OF THE       LOWER EXTREMITIES, RESULTING FROM CEREBRAL PALSY OF CHILDHOOD.	2008-08-29
Q7181600	P1542	Q7535406	https://www.ncbi.nlm.nih.gov/pubmed/19972251	A cutaneous Infection caused by a new Fungus, Phialophora Verrucosa, with a Study       of the Fungus.	2010-06-23
Q764	P1542	Q7535406	https://www.ncbi.nlm.nih.gov/pubmed/19972251	A cutaneous Infection caused by a new Fungus, Phialophora Verrucosa, with a Study       of the Fungus.	2010-06-23
Q520127	P1542	Q12136	https://www.ncbi.nlm.nih.gov/pubmed/18740093	VINCENT'S INFECTION: ITS SIGNIFICANCE AS THE PRECURSOR OF PYORRHEA AND ITS       POSSIBILITIES AS A CAUSE OF OTHER DISEASES.	2008-08-29
Q12136	P1542	Q1129007	https://www.ncbi.nlm.nih.gov/pubmed/18740171	GIANT URTICARIA DUE TO DISEASED (PUS) TONSILS: CASE REPORT.	2008-08-29
Q5160454	P1542	Q18556970	https://www.ncbi.nlm.nih.gov/pubmed/19974514	Congenital Lues causing Optic Atrophy and ultimately leading to Dementia       Paralytica Juvenilis.	2010-06-24
Q12136	P1542	Q938983	https://www.ncbi.nlm.nih.gov/pubmed/19974637	Osteomyelitis of the Right Temporal Bone, secondary to Mastoid Disease; Removal;       Recovery.	2010-06-24
Q520127	P1542	Q3567921	https://www.ncbi.nlm.nih.gov/pubmed/19975078	Ulceration of the Pharynx, due to Pyorrhoea.	2010-06-24
Q18554422	P1542	Q972514	https://www.ncbi.nlm.nih.gov/pubmed/19975153	Unilateral Optic Neuritis and Complete Ophthalmoplegia Externa resulting from       Acute Sphenoidal Sinusitis.	2010-06-24
Q18554422	P1542	Q2457669	https://www.ncbi.nlm.nih.gov/pubmed/19975153	Unilateral Optic Neuritis and Complete Ophthalmoplegia Externa resulting from       Acute Sphenoidal Sinusitis.	2010-06-24
Q153	P1542	Q1132120	https://www.ncbi.nlm.nih.gov/pubmed/19975254	Tic Douloureux illustrating the Anaesthesia produced by Alcohol Injection of the       Superior Maxillary and Supra-orbital Nerves.	2010-06-24
Q421560	P1542	Q928697	https://www.ncbi.nlm.nih.gov/pubmed/19975352	Deafness due to Occlusion of Eustachian Tubes by Scar-tissue.	2010-06-24
Q180266	P1542	Q509389	https://www.ncbi.nlm.nih.gov/pubmed/19975388	Caries and Necrosis of Temporal, Parietal, and Occipital Bones following       Mastoiditis due to Scarlet Fever in a Girl, aged 5; Operation; Recovery.	2010-06-24
Q16547955	P1542	Q3567921	https://www.ncbi.nlm.nih.gov/pubmed/19975927	OEsophagus with Perforations due to Ulceration produced by Foreign Bodies.	2010-06-24
Q12125	P1542	Q928697	https://www.ncbi.nlm.nih.gov/pubmed/19976262	Operation for Extreme Deafness and Tinnitus due to Chronic Adhesive Catarrh of       the Middle Ear (Tympanoplasty).	2010-06-24
Q12125	P1542	Q192309	https://www.ncbi.nlm.nih.gov/pubmed/19976262	Operation for Extreme Deafness and Tinnitus due to Chronic Adhesive Catarrh of       the Middle Ear (Tympanoplasty).	2010-06-24
Q12195	P1542	Q2894996	https://www.ncbi.nlm.nih.gov/pubmed/19976334	Double Third Nerve Palsy due to Acute Poliomyelitis.	2010-06-24
Q388628	P1542	Q16244733	https://www.ncbi.nlm.nih.gov/pubmed/20315257	Unusual Case of Intestinal Obstruction due to Meckel's Diverticulum and       Accompanied by Diffuse Peritonitis.	2010-06-22
Q2441993	P1542	Q4036534	https://www.ncbi.nlm.nih.gov/pubmed/19976674	Report on the Mite causing the Copra Itch.	2010-06-24
Q134359	P1542	Q3504924	https://www.ncbi.nlm.nih.gov/pubmed/19976963	Exhibition of Specimens from a Case of Suppuration of the Antrum due to       Aspergillus fumigatus, with a short Note of the Case.	2010-06-24
Q143779	P1542	Q154874	https://www.ncbi.nlm.nih.gov/pubmed/19868394	This latter assumption would probably hold       irrespective of the relation which Leptospira icteroides proves to have to the       etiology of yellow fever.	2010-06-22
Q443140	P1542	Q827023	https://www.ncbi.nlm.nih.gov/pubmed/19868438	The complete removal of such       antibodies by exhaustion of the serum with successive portions of red cells fails       to lessen materially its ability to cause kidney lesions.	2010-06-22
Q7239	P1542	Q12192	https://www.ncbi.nlm.nih.gov/pubmed/19868538	The       demonstration of this fact invites a comparison of the course of these       experimental bacterial infections with the sequence of postinfluenzal pneumonias       attributable to similar organisms in man.	2010-06-22
Q187634	P1542	Q540850	https://www.ncbi.nlm.nih.gov/pubmed/19868586	Although spirochetes were found in relatively few of the lymph       node emulsions, the orchitis resulting from their injection was of a rapidly       progressive type with an incubation period but slightly longer than that produced       by a testicular or skin nodule emulsion rich in spirochetes.	2010-06-22
Q808	P1542	Q12136	https://www.ncbi.nlm.nih.gov/pubmed/19868590	The       dead virus fails to induce not only the typical experimental disease but also an       immunity to further injections of typhus virus.	2010-06-22
Q39833	P1542	Q12136	https://www.ncbi.nlm.nih.gov/pubmed/19868665	The microorganism inducing the disease is capable of going through a Berkefeld       N filter and is therefore to be classed with the group of so called filter       passers.	2010-06-22
Q660	P1542	Q192077	https://www.ncbi.nlm.nih.gov/pubmed/19868714	Magnesium seemed to produce the       most uniform, uncomplicated depression of all the depressants tried.	2010-06-22
Q1099	P1542	Q127076	https://www.ncbi.nlm.nih.gov/pubmed/19868716	THE MECHANISM OF THE VOMITING INDUCED BY ANTIMONY AND POTASSIUM TARTRATE (TARTAR       EMETIC).	2010-06-22
Q418064	P1542	Q127076	https://www.ncbi.nlm.nih.gov/pubmed/19868716	THE MECHANISM OF THE VOMITING INDUCED BY ANTIMONY AND POTASSIUM TARTRATE (TARTAR       EMETIC).	2010-06-22
Q3504924	P1542	Q141440	https://www.ncbi.nlm.nih.gov/pubmed/19978692	Brain Abscess secondary to Frontal Sinus Suppuration; Drainage; Recovery.	2010-06-24
Q131268	P1542	Q4	https://www.ncbi.nlm.nih.gov/pubmed/19868905	Parenteral introduction of amounts of the culture filtrate of Bacillus botulinus       greatly in excess of the minimum lethal dose has been observed to cause the       practically immediate death of mice.	2010-06-22
Q192995	P1542	Q199615	https://www.ncbi.nlm.nih.gov/pubmed/19868983	B. virus is merely a herpes virus which has gained access to the       cerebrospinal fluid and, at the time of inoculation of the rabbits, was present       in a concentration sufficing to induce virus encephalitis.	2010-06-22
Q149348	P1542	Q3053951	https://www.ncbi.nlm.nih.gov/pubmed/19868983	If, as the above statements       indicate, all the virus strains of the class considered are examples of the       herpes virus, it follows that the etiology of epidemic encephalitis remains       entirely unresolved.	2010-06-22
Q179661	P1542	Q203601	https://www.ncbi.nlm.nih.gov/pubmed/19979073	Discussion on the Treatment of Phthisis by the Induction of Pneumothorax.	2010-06-24
Q179661	P1542	Q203601	https://www.ncbi.nlm.nih.gov/pubmed/19979074	Discussion on the Treatment of Phthisis by the Induction of Pneumothorax.	2010-06-24
Q179661	P1542	Q203601	https://www.ncbi.nlm.nih.gov/pubmed/19979075	Discussion on the Treatment of Phthisis by the Induction of Pneumothorax.	2010-06-24
Q179661	P1542	Q203601	https://www.ncbi.nlm.nih.gov/pubmed/19979077	Discussion on the Treatment of Phthisis by the Induction of Pneumothorax.	2010-06-24
Q192995	P1542	Q3567921	https://www.ncbi.nlm.nih.gov/pubmed/19979127	Chronic Ulceration (Ulcus molle serpiginosum), probably due to Inoculation with       Ducrey's Bacillus of Soft Chancre.	2010-06-24
Q18554719	P1542	Q4254929	https://www.ncbi.nlm.nih.gov/pubmed/19979401	Case of Latent Tuberculosis of the Lateral Sinus Secondary to Chronic Suppurative       Otitis Media; Histological Specimen of the Sinus Contents.	2010-06-24
Q3504924	P1542	Q972514	https://www.ncbi.nlm.nih.gov/pubmed/19979688	Case of Right Optic Neuritis caused by Suppuration in the Right Posterior       Ethmoidal Cells and Sphenoidal Sinus.	2010-06-24
Q3504924	P1542	Q18556970	https://www.ncbi.nlm.nih.gov/pubmed/19979689	Case of Left Optic Atrophy caused by Suppuration in the Posterior Ethmoidal       Cells, Sphenoidal and Maxillary Sinuses of the Left Side.	2010-06-24
Q18554712	P1542	Q938983	https://www.ncbi.nlm.nih.gov/pubmed/19979690	Case of Acute Osteomyelitis of Frontal Bone secondary to Acute Frontal Sinusitis;       Operation; Recovery.	2010-06-24
Q511818	P1542	Q4	https://www.ncbi.nlm.nih.gov/pubmed/19871748	This explains why in spite of the       application of Ca or Mg and in spite of the suppression by these substances of       the tetanic convulsions the other symptoms of tetany develop and frequently lead       to the death of the animal.	2010-06-22
Q16547955	P1542	Q2561844	https://www.ncbi.nlm.nih.gov/pubmed/19979704	Foreign Body in the Right Maxillary Antrum for Twenty-five Years causing Facial       Neuralgia, discovered by X-rays and removed by Operation through the Canine       Fossa.	2010-06-24
Q194406	P1542	Q403082	https://www.ncbi.nlm.nih.gov/pubmed/19871836	Nicotine, in contrast to strychnine, primarily induces       contraction of flexor muscles.	2010-06-22
Q12136	P1542	Q7562539	https://www.ncbi.nlm.nih.gov/pubmed/20764457	TREATMENT OF FACIAL PARALYSIS DUE TO MASTOID DISEASE OR TO THE MASTOID OPERATION.	2011-03-29
Q853930	P1542	Q176741	https://www.ncbi.nlm.nih.gov/pubmed/20764511	SECONDARY PAROTITIS DUE TO ORAL STARVATION IN THE MEDICAL TREATMENT OF GASTRIC       ULCER.	2011-03-29
Q202218	P1542	Q192077	https://www.ncbi.nlm.nih.gov/pubmed/19871922	The first effect of ether is to cause       a depression in the rate of respiration.	2010-06-22
Q18928624	P1542	Q12136	https://www.ncbi.nlm.nih.gov/pubmed/16692783	Ocular Disease, Notably of the Uveal Tract, Induced by Streptococcus Viridans       Infection.	2006-06-01
Q468771	P1542	Q2421435	https://www.ncbi.nlm.nih.gov/pubmed/20898337	Toxaemia apparently produced by Ascaris lumbricoides.	2011-03-29
Q159701	P1542	Q4	https://www.ncbi.nlm.nih.gov/pubmed/16692957	Evisceration for Hemorrhagic Glaucoma, Followed by Orbital Melanosarcoma and       Metastases Resulting in Death.	2006-06-01
Q21036645	P1542	Q511818	https://www.ncbi.nlm.nih.gov/pubmed/16744121	Guanidine studies: Changes in guanidine action and in parathyroprivia tetany       produced by dextrose.	2006-06-05
Q12192	P1542	Q4	https://www.ncbi.nlm.nih.gov/pubmed/20765669	THE IMPORTANCE OF PNEUMONIA AS A CAUSE OF DEATH.	2011-03-29
Q5508543	P1542	Q1173555	https://www.ncbi.nlm.nih.gov/pubmed/20765920	A REPORT OF SIX CASES OF ARSENICAL POISONING CAUSED BY FUMES FROM A COKE STOVE.	2011-03-29
Q2840	P1542	Q12192	https://www.ncbi.nlm.nih.gov/pubmed/19868331	Of the 155 cases of pneumonia       (all types) developing 1 week or more after vaccination, 133 were secondary to       influenza.	2010-06-23
Q2840	P1542	Q12192	https://www.ncbi.nlm.nih.gov/pubmed/19868331	On the other hand, the mortality rate in pneumonia       secondary to influenza is about the same for the vaccinated and unvaccinated       groups.	2010-06-23
Q15556232	P1542	Q274160	https://www.ncbi.nlm.nih.gov/pubmed/19868332	The amount of strophanthin necessary to produce a toxic effect in a       given cat is independent of the speed of administration to a period of 4 hours.	2010-06-23
Q192995	P1542	Q154874	https://www.ncbi.nlm.nih.gov/pubmed/19868338	The pathological changes occurring in human cases of yellow       fever are similar to those induced by inoculation in guinea pigs and marmosets       and in respect to their intensity stand intermediate between those arising in the       two animals mentioned.	2010-06-23
Q299789	P1542	Q4804182	https://www.ncbi.nlm.nih.gov/pubmed/19868340	In this effort an aseptic meningitis was       induced by injecting horse serum, saline solution, or protargol into the       subarachnoid space preceding the introduction of the meningococci into the blood.	2010-06-23
Q11353905	P1542	Q12136	https://www.ncbi.nlm.nih.gov/pubmed/19868362	The occasional       discharge of a fetus among the young stock in pasture tends to keep up the       disease due to Bacillus abortus.	2010-06-23
Q520127	P1542	Q3567921	https://www.ncbi.nlm.nih.gov/pubmed/20899475	Ulceration of the Pharynx, due to Pyorrhoea.	2011-03-29
Q153	P1542	Q1132120	https://www.ncbi.nlm.nih.gov/pubmed/20899651	Tic Douloureux illustrating the Anaesthesia produced by Alcohol Injection of the       Superior Maxillary and Supra-orbital Nerves.	2011-03-29
Q16547955	P1542	Q3567921	https://www.ncbi.nlm.nih.gov/pubmed/20900324	OEsophagus with Perforations due to Ulceration produced by Foreign Bodies.	2011-03-29
Q132621	P1542	Q1126769	https://www.ncbi.nlm.nih.gov/pubmed/20766501	THE LATE VASOMOTOR PARESIS DUE TO ADRENALIN.	2011-03-29
Q16893968	P1542	Q271993	https://www.ncbi.nlm.nih.gov/pubmed/16993923	The origin of the glucose in the hyperglycaemia induced by pituitrin.	2007-02-05
Q192995	P1542	Q12192	https://www.ncbi.nlm.nih.gov/pubmed/19868420	Active immunity against pneumococcus pneumonia,       produced by vaccination with living pneumococci, appears to be largely       independent of the presence or absence of agglutinins and protective bodies in       the serum of the monkey.	2010-06-23
Q1747089	P1542	Q16244733	https://www.ncbi.nlm.nih.gov/pubmed/20767057	A RENAL CYST CAUSING CHRONIC INTESTINAL OBSTRUCTION.	2011-03-29
Q183344	P1542	Q173022	https://www.ncbi.nlm.nih.gov/pubmed/19868470	Secondly, the experiments show that Bacillus influenzae infection of       the mucous membranes of the upper respiratory tract may spread by continuity to       the paranasal sinuses, setting up an acute sinusitis, that it spreads readily to       the lower respiratory tract, producing a tracheobronchitis and permitting the       ready invasion of secondary bacteria, and that it may penetrate as far as the       terminal bronchioles, alveolar ducts, atria, and alveoli, there setting up a       bronchiolitis and true bronchopneumonia.	2010-06-23
Q7239	P1542	Q79793	https://www.ncbi.nlm.nih.gov/pubmed/19868504	The close similarity of       the symptoms and pathological lesions of the reaction to the symptoms and       pathological lesions of measles, the successful transmission of the reaction from       monkey to monkey, and the elimination of ordinary bacteria as a possible source       of error in the interpretation of the results, warrant the belief that the       reaction is caused by the inciting organism of measles.	2010-06-23
Q221179	P1542	Q200781	https://www.ncbi.nlm.nih.gov/pubmed/19868530	The       injection of 1 cc. of a 24 hour dextrose blood broth culture of virulent Type I       pneumococci into the right pleural cavity of guinea pigs produces acute       suppurative pleuritis on both sides associated with suppurative pericarditis,       which generally terminates fatally within 72 hours with pneumococcus bacteremia.	2010-06-23
Q7239	P1542	Q2840	https://www.ncbi.nlm.nih.gov/pubmed/19868531	The intratracheal injection in rabbits       and guinea pigs of mass cultures of this organism has induced effects on the       blood and lungs of these animals which are not to be distinguished from those       obtained with the nasopharyngeal secretions of patients in the early hours of       epidemic influenza.	2010-06-23
Q541987	P1542	Q12136	https://www.ncbi.nlm.nih.gov/pubmed/20767698	The Croonian Lectures on Trypanosomes Causing Disease in Man and Domestic Animals       in Central Africa: Delivered before the Royal College of Physicians of London.	2011-03-29
Q495626	P1542	Q16244733	https://www.ncbi.nlm.nih.gov/pubmed/20767718	A CASE OF CHRONIC INTESTINAL OBSTRUCTION DUE TO TUBERCULOUS CICATRICIAL       CONSTRICTIONS OF THE JEJUNUM.	2011-03-29
Q1495085	P1542	Q2421435	https://www.ncbi.nlm.nih.gov/pubmed/20767974	THE TREATMENT OF ACUTE TOXAEMIA SECONDARY TO GAS GANGRENE BY THE INTRAVENOUS       INJECTION OF A SOLUTION OF HYPOCHLOROUS ACID.	2011-03-29
Q1141979	P1542	Q48143	https://www.ncbi.nlm.nih.gov/pubmed/19868573	THE BIOLOGICAL AND THE SEROLOGICAL REACTIONS OF INFLUENZA BACILLI PRODUCING       MENINGITIS.	2010-06-23
Q6786584	P1542	Q42982	https://www.ncbi.nlm.nih.gov/pubmed/19868574	While this form       of hypersensitiveness may eventually be induced with materials not bacterial in       origin, it has been observed up to date only as a reaction of bacterial       infection.	2010-06-23
Q190161	P1542	Q650912	https://www.ncbi.nlm.nih.gov/pubmed/17866426	THE SERUM TREATMENT OF BACTERAEMIA DUE TO HAEMOLYTIC STREPTOCOCCUS.	2007-09-17
Q10876	P1542	Q2981024	https://www.ncbi.nlm.nih.gov/pubmed/19868575	The findings       indicate that the virus of typhus fever is distinct from ordinary cultivable       bacteria, and, as the disease set up by the virus progresses, the infected guinea       pigs become subject to invasion by secondary or concurrent bacteria which thus       induce a mixed infection.	2010-06-23
Q10876	P1542	Q2981024	https://www.ncbi.nlm.nih.gov/pubmed/19868575	The findings       indicate that the virus of typhus fever is distinct from ordinary cultivable       bacteria, and, as the disease set up by the virus progresses, the infected guinea       pigs become subject to invasion by secondary or concurrent bacteria which thus       induce a mixed infection.	2010-06-23
Q706	P1542	Q183392	https://www.ncbi.nlm.nih.gov/pubmed/19868617	A diet deficient in both calcium and       phosphate induces atypical rickets.	2010-06-23
Q419133	P1542	Q933716	https://www.ncbi.nlm.nih.gov/pubmed/19868624	THE SOURCE OF THE       ERYTHROCYTHEMIA PRODUCED BY GERMANIUM DIOXIDE IN THE ALBINO RAT.	2010-06-23
Q1346016	P1542	Q12136	https://www.ncbi.nlm.nih.gov/pubmed/19868626	The selective deposition of hemosiderin in the liver parenchyma during pernicious       anemia does not constitute evidence that there is a hemolytic cause for the       disease located in the portal region.	2010-06-23
Q4043912	P1542	Q229256	https://www.ncbi.nlm.nih.gov/pubmed/19868643	PATHOLOGY OF THE DERMATITIS CAUSED BY MEGALOPYGE OPERCULARIS, A TEXAN       CATERPILLAR.	2010-06-23
Q24577882	P1542	Q229256	https://www.ncbi.nlm.nih.gov/pubmed/19868643	The dermatitis caused by contact with the larva of Megalopyge opercularis is       produced by a poison introduced by the hollow, specialized setae of its cuticular       tubercles.	2010-06-23
Q121041	P1542	Q16244733	https://www.ncbi.nlm.nih.gov/pubmed/20891657	Intestinal Obstruction Resulting from Appendicitis.	2011-03-30
Q176741	P1542	Q757838	https://www.ncbi.nlm.nih.gov/pubmed/18168668	KERATITIS DUE TO MUMPS.	2008-01-11
Q6931220	P1542	Q177895	https://www.ncbi.nlm.nih.gov/pubmed/18168823	EXOPHTHALMOS AND MIXED ASTIGMATISM CAUSED BY LARGE ETHMOID MUCOCELE.	2008-01-11
Q6931220	P1542	Q684383	https://www.ncbi.nlm.nih.gov/pubmed/18168823	EXOPHTHALMOS AND MIXED ASTIGMATISM CAUSED BY LARGE ETHMOID MUCOCELE.	2008-01-11
Q179724	P1542	Q827023	https://www.ncbi.nlm.nih.gov/pubmed/18168845	THE NATURE OF THE OCULAR LESIONS PRODUCED EXPERIMENTALLY BY NAPHTHALENE.	2008-01-11
Q12204	P1542	Q203601	https://www.ncbi.nlm.nih.gov/pubmed/20768829	ACUTE TUBERCULOUS BRONCHOPNEUMONIA WITH PNEUMOTHORAX, SECONDARY TO TUBERCULOSIS       OF THE PERI BRONCHIAL LYMPH NODES.	2011-03-31
Q11353905	P1542	Q12136	https://www.ncbi.nlm.nih.gov/pubmed/19868703	STUDIES ON THE DISEASE OF GUINEA PIGS DUE TO BACILLUS ABORTUS.	2010-06-23
Q192995	P1542	Q974869	https://www.ncbi.nlm.nih.gov/pubmed/19868739	The vaccinations induce a transitory leucocytosis       and lead to the appearance of specific agglutinins in the blood serum.	2010-06-23
Q190161	P1542	Q207092	https://www.ncbi.nlm.nih.gov/pubmed/18012891	Relationship of the Streptococci Causing Erysipelas.	2008-01-14
Q808	P1542	Q2840	https://www.ncbi.nlm.nih.gov/pubmed/20769290	A FILTRABLE VIRUS AS THE CAUSE OF THE EARLY STAGE OF THE PRESENT EPIDEMIC OF       INFLUENZA: (A Preliminary Note.).	2011-03-31
Q6003455	P1542	Q4	https://www.ncbi.nlm.nih.gov/pubmed/19868747	The development of a cachexia and of pressure phenomena       from metastases involving the cervical and lumbar regions of the spinal column       which eventually led to the death of the animal.	2010-06-23
Q15730500	P1542	Q12136	https://www.ncbi.nlm.nih.gov/pubmed/19868762	In contrast with the malignant course of the       disease produced by testicular transplantation, the tumors produced by methods       other than intracerebral inoculation were relatively benign.	2010-06-23
Q2456821	P1542	Q5282029	https://www.ncbi.nlm.nih.gov/pubmed/19868764	The study of the lesions of treated turkeys shows that tryparsamide, and       to some extent neoarsphenamine, have a more pronounced effect on the liver       lesions than on the disease in the lung, which accounts for the discrepancy in       the results of the treatment of spontaneous and inoculated blackhead.	2010-06-23
Q24577882	P1542	Q272002	https://www.ncbi.nlm.nih.gov/pubmed/18013541	Food Poisoning Due to Toxic Substances Formed by Strains of the Cloacae-Aerogenes       Group.	2008-01-14
Q7239	P1542	Q12192	https://www.ncbi.nlm.nih.gov/pubmed/19868853	The correlation of the lung lesions and anemia in dogs suffering from       experimental pneumonia induced by various organisms, with changes in the       respiratory activity and in the acid-base relationship in blood, indicates that       the developing acidosis, most marked in the severe cases, is due chiefly to the       effects of an anoxic anoxemia.	2010-06-23
Q411461	P1542	Q612345	https://www.ncbi.nlm.nih.gov/pubmed/19868858	While support is brought for Harvey's view that       pilocarpine causes a lymphocytosis through the contraction of plain muscle, on       the other hand evidence is presented which indicates that the spleen is no more       specialized in the production of small lymphocytes than any other portion of the       lymphopoietic system.	2010-06-23
Q18928624	P1542	Q18555981	https://www.ncbi.nlm.nih.gov/pubmed/18740458	STREPTOCOCCUS MUCOSUS INFECTION CAUSING LATERAL SINUS THROMBOSIS.	2008-08-29
Q1173555	P1542	Q846316	https://www.ncbi.nlm.nih.gov/pubmed/18740839	APLASTIC ANEMIA DUE TO BENZOL POISONING: REPORT OF TWO CASES.	2008-08-29
Q2981024	P1542	Q180266	https://www.ncbi.nlm.nih.gov/pubmed/19868935	The complications occurring in scarlet fever may be due to       the original scarlatinal strain or may be the result of a secondary infection       with pyogenic strains of streptococci.	2010-06-23
Q192995	P1542	Q186235	https://www.ncbi.nlm.nih.gov/pubmed/19868958	Intrathoracic       inoculations near the heart led to a fibrinous pericarditis in three out of five       rabbits, and to a myocarditis in one.	2010-06-23
Q192995	P1542	Q501561	https://www.ncbi.nlm.nih.gov/pubmed/19868958	Intrathoracic       inoculations near the heart led to a fibrinous pericarditis in three out of five       rabbits, and to a myocarditis in one.	2010-06-23
Q769815	P1542	Q2421435	https://www.ncbi.nlm.nih.gov/pubmed/18741559	ALLERGIC TOXEMIA AND MIGRAINE DUE TO FOOD ALLERGY: REPORT OF CASES.	2008-08-29
Q769815	P1542	Q133823	https://www.ncbi.nlm.nih.gov/pubmed/18741559	ALLERGIC TOXEMIA AND MIGRAINE DUE TO FOOD ALLERGY: REPORT OF CASES.	2008-08-29
Q60235	P1542	Q14859627	https://www.ncbi.nlm.nih.gov/pubmed/19869079	Three experiments only were made in which renal       vasodilatation was produced by caffeine and salt.	2010-06-23
Q2314	P1542	Q14859627	https://www.ncbi.nlm.nih.gov/pubmed/19869079	Three experiments only were made in which renal       vasodilatation was produced by caffeine and salt.	2010-06-23
Q6501235	P1542	Q83319	https://www.ncbi.nlm.nih.gov/pubmed/18742181	Typhoid Fever in San Francisco in 1931-Apparently Due to Shellfish.	2008-08-29
Q133841	P1542	Q18123741	https://www.ncbi.nlm.nih.gov/pubmed/19869097	Akiyami       is an infectious disease caused by a leptospira.	2010-06-23
Q190161	P1542	Q170990	https://www.ncbi.nlm.nih.gov/pubmed/19311655	A Study of the Streptococcus in the Etiology of Arthritis.	2009-07-27
Q574360	P1542	Q12136	https://www.ncbi.nlm.nih.gov/pubmed/19311710	The Surgical Indications for Sympathetic Ganglionectomy and Trunk Resection in       the Treatment of Diseases Resulting from Vasomotor Spasm of Peripheral Arteries.	2009-07-27
Q15757015	P1542	Q14873676	https://www.ncbi.nlm.nih.gov/pubmed/19869192	The observed differences in growth of tissue, due to the addition or       removal of dialyzable and ultrafilterable constituents of the extract, prove that       the amino acids produce a more active cell migration and possibly multiplication,       but no building up of new protoplasm.	2010-06-23
Q192995	P1542	Q183134	https://www.ncbi.nlm.nih.gov/pubmed/19869217	A chronic, systemic infection,       in which the lymph glands are enlarged and Bartonella bacilliformis is present in       the blood in high titer, may be induced by local inoculation, as shown in the       case of M. rhesus 5.	2010-06-23
Q179254	P1542	Q7655860	https://www.ncbi.nlm.nih.gov/pubmed/19871974	This paradoxical phenomenon finds its explanation       in the fact that as a consequence of the participation of each particle in the       Donnan equilibrium, a special osmotic pressure is set up in each individual       particle of powdered gelatin which leads to a swelling of that particle, and this       osmotic pressure is measured by the increase in the cohesion pressure of the       powdered particles required to balance the osmotic pressure inside each particle.	2010-06-23
Q192995	P1542	Q12195	https://www.ncbi.nlm.nih.gov/pubmed/16559909	Experimental Poliomyelitis Induced by Intracutaneous Inoculation: A Strain of the       Virus Apparently Peculiarly Infective when Injected by this Route.	2006-05-25
Q36496	P1542	Q192077	https://www.ncbi.nlm.nih.gov/pubmed/19872194	Since NaOH behaves       like an ordinary univalent salt, increased alkalinity of a solution does not       further depress the charge already depressed by salts; but, since the H ion is       much more active than other univalent or bivalent ions, increased acidity does       cause a further progressive depression of charge, even in salt solutions.	2010-06-23
Q36496	P1542	Q192077	https://www.ncbi.nlm.nih.gov/pubmed/19872194	Since NaOH behaves       like an ordinary univalent salt, increased alkalinity of a solution does not       further depress the charge already depressed by salts; but, since the H ion is       much more active than other univalent or bivalent ions, increased acidity does       cause a further progressive depression of charge, even in salt solutions.	2010-06-23
Q18049524	P1542	Q3905149	https://www.ncbi.nlm.nih.gov/pubmed/19872206	The injection of CaCl(2) usually results in the pinching off of       the portion solidified.	2010-06-23
Q937976	P1542	Q5282029	https://www.ncbi.nlm.nih.gov/pubmed/19872267	This discrepancy       must be ascribed to salt error caused by the buffer itself and exceeds in the       most extreme case two whole units of pH; that is, an error of 100 fold in       determining alkalinity.	2010-06-23
Q127450	P1542	Q4	https://www.ncbi.nlm.nih.gov/pubmed/19872269	Trypsin injected into a       living Amoeba results in the death and disintegration of the cell.	2010-06-23
Q380136	P1542	Q187255	https://www.ncbi.nlm.nih.gov/pubmed/20474848	Infection with Coliform Bacilli as a Cause of Rheumatoid Arthritis and Chronic       Rheumatism: its Diagnosis and its Treatment by Autogenous Vaccines.	2010-06-23
Q12204	P1542	Q190805	https://www.ncbi.nlm.nih.gov/pubmed/20311235	Tuberculosis as a causative factor in disordered action of the heart: With       Observation upon the Subcutaneous Tuberculin Reaction in Three Hundred Unselected       Cases of Disordered Action of the Heart.	2010-06-24
Q179661	P1542	Q21117198	https://www.ncbi.nlm.nih.gov/pubmed/20316174	THE TREATMENT AND CAUSES OF CONVULSIONS IN INFANTS AND CHILDREN.	2010-06-22
Q495626	P1542	Q41861	https://www.ncbi.nlm.nih.gov/pubmed/16694574	THE GUANIDINE BASES IN THE BLOOD OF DOGS WITH EXPERIMENTAL HYPERTENSION PRODUCED       BY CONSTRICTION OF THE RENAL ARTERIES.	2006-05-31
Q948318	P1542	Q2306782	https://www.ncbi.nlm.nih.gov/pubmed/16694695	MACROCYTIC AND HYPOCHROMIC ANEMIAS       DUE TO CHRONIC BLOOD LOSS, HEMOLYSIS AND MISCELLANEOUS CAUSES, AND POLYCYTHEMIA       VERA.	2006-05-31
Q265094	P1542	Q1477	https://www.ncbi.nlm.nih.gov/pubmed/20314110	Ulcerative Colitis due to Bacillus Dysenteriae, Simulating Pernicious Anaemia.	2010-06-24
Q246084	P1542	Q972514	https://www.ncbi.nlm.nih.gov/pubmed/20317942	A CASE OF DACRYO-CYSTITIS LEADING TO ORBITAL PHLEGMON, OPTIC NEURITIS AND       ATROPHY.	2010-06-22
Q246084	P1542	Q876887	https://www.ncbi.nlm.nih.gov/pubmed/20317942	A CASE OF DACRYO-CYSTITIS LEADING TO ORBITAL PHLEGMON, OPTIC NEURITIS AND       ATROPHY.	2010-06-22
Q246084	P1542	Q194520	https://www.ncbi.nlm.nih.gov/pubmed/20317942	A CASE OF DACRYO-CYSTITIS LEADING TO ORBITAL PHLEGMON, OPTIC NEURITIS AND       ATROPHY.	2010-06-22
Q5120196	P1542	Q6054148	https://www.ncbi.nlm.nih.gov/pubmed/20318604	TOXIC HEPATITIS DUE TO CINCHOPHEN: A REPORT OF THREE CASES.	2010-06-22
Q18305736	P1542	Q216211	https://www.ncbi.nlm.nih.gov/pubmed/19869238	A saline suspension of a subcutaneous nodule excised from a verruga patient, and       kept in the refrigerator for 14 days, on inoculation into two young Macacus       rhesus monkeys (Nos. 33 and 34) induced irregular febrile reactions and       enlargement of the lymph glands, and in one instance a subcutaneous nodule arose,       independently of direct inoculation, on the tail.	2010-06-22
